location,date,total_deaths,total_cases,new_cases_per_million,total_vaccinations_per_hundred,total_cases_per_million,total_deaths_per_million
Albania,2020-03,10.0,212.0,74.586,0.0,74.587,3.518
Albania,2020-04,30.0,750.0,189.283,0.0,263.869,10.555
Albania,2020-05,33.0,1099.0,122.787,0.0,386.656,11.61
Albania,2020-06,55.0,2402.0,458.429,0.0,845.085,19.35
Albania,2020-07,150.0,5105.0,950.985,0.0,1796.069,52.774
Albania,2020-08,275.0,9279.0,1468.517,0.0,3264.589,96.752
Albania,2020-09,380.0,13391.0,1446.7069999999999,0.0,4711.295,133.694
Albania,2020-10,499.0,20315.0,2436.04,0.0,7147.335,175.561
Albania,2020-11,787.0,36790.0,5796.327,0.0,12943.661,276.887
Albania,2020-12,1170.0,57146.0,7161.764,0.0,20105.421,411.636
Albania,2021-01,1358.0,76350.0,6756.459,0.02,26861.878,477.779
Albania,2021-02,1756.0,105229.0,10160.369,0.36,37022.247,617.806
Albania,2021-03,2216.0,124419.0,6751.531,4.88,43773.779,779.645
Albania,2021-04,2386.0,130859.0,2265.757,16.78,46039.535,839.456
Albania,2021-05,2449.0,132297.0,505.92400000000004,27.32,46545.46,861.621
Albania,2021-06,2456.0,132513.0,75.995,34.06,46621.455,864.083
Albania,2021-07,2457.0,132999.0,170.99,42.18,46792.442,864.435
Albania,2021-08,2492.0,144847.0,4168.43,51.8,50960.871,876.749
Albania,2021-09,2668.0,168782.0,8420.944,61.27,59381.814,938.67
Albania,2021-10,2909.0,184340.0,5473.701,66.91,64855.516,1023.46
Albania,2021-11,3089.0,199555.0,5353.027,73.92,70208.541,1086.789
Albania,2021-12,3212.0,208899.0,3287.456,81.5,73495.999,1130.064
Albania,2022-01,3337.0,257082.0,16952.009,88.79,90448.008,1174.042
Albania,2022-02,3462.0,271425.0,5046.234,95.09,95494.241,1218.02
Albania,2022-03,3492.0,273529.0,740.241,97.35,96234.482,1228.575
Albania,2022-04,3496.0,274929.0,492.55600000000004,98.56,96727.038,1229.982
Albania,2022-05,3497.0,276081.0,405.303,101.1,97132.341,1230.334
Albania,2022-06,3498.0,279167.0,1085.736,102.24,98218.074,1230.686
Albania,2022-07,3538.0,309278.0,10593.817000000001,103.46,108811.892,1244.759
Albania,2022-08,3582.0,327425.0,6384.577,104.01,115196.47,1260.239
Albania,2022-09,3589.0,330983.0,1251.7939999999999,104.78,116448.265,1262.702
Albania,2022-10,3593.0,331783.0,281.46,105.42,116729.726,1264.109
Albania,2022-11,3594.0,332224.0,155.156,106.16,116884.881,1264.461
Albania,2022-12,3596.0,332768.0,191.393,106.45,117076.274,1265.165
Austria,2020-03,91.0,6100.0,682.0210000000001,0.0,682.356,10.179
Austria,2020-04,559.0,12195.0,681.795,0.0,1364.152,62.531
Austria,2020-05,659.0,13396.0,134.349,0.0,1498.498,73.717
Austria,2020-06,725.0,14414.0,113.879,0.0,1612.373,81.1
Austria,2020-07,761.0,17656.0,362.656,0.0,1975.029,85.127
Austria,2020-08,813.0,23908.0,699.357,0.0,2674.388,90.943
Austria,2020-09,903.0,41004.0,1912.387,0.0,4586.774,101.011
Austria,2020-10,1337.0,98217.0,6399.941,0.0,10986.712,149.559
Austria,2020-11,3985.0,275191.0,19796.596999999998,0.0,30783.31,445.769
Austria,2020-12,7378.0,352657.0,8665.47,0.0,39448.782,825.315
Austria,2021-01,9277.0,405558.0,5917.591,2.97,45366.373,1037.74
Austria,2021-02,10308.0,448597.0,4814.414,8.0,50180.785,1153.07
Austria,2021-03,11273.0,532823.0,9421.655,18.31,59602.442,1261.016
Austria,2021-04,12287.0,606612.0,8254.158,37.06,67856.598,1374.444
Austria,2021-05,12794.0,634519.0,3121.7200000000003,58.61,70978.32,1431.158
Austria,2021-06,12940.0,640729.0,694.6610000000001,85.92,71672.981,1447.489
Austria,2021-07,13008.0,649034.0,929.011,110.98,72601.992,1455.096
Austria,2021-08,13100.0,677409.0,3174.074,118.86,75776.065,1465.387
Austria,2021-09,13380.0,732483.0,6160.668,123.43,81936.732,1496.708
Austria,2021-10,13819.0,816961.0,9449.848,131.2,91386.577,1545.816
Austria,2021-11,15281.0,1142070.0,36367.217,156.45,127753.795,1709.357
Austria,2021-12,16685.0,1264528.0,13698.353000000001,186.55,141452.145,1866.411
Austria,2022-01,17082.0,1828708.0,63110.087,198.67,204562.231,1910.82
Austria,2022-02,17806.0,2662465.0,93265.402,203.28,297827.636,1991.808
Austria,2022-03,18842.0,3823532.0,129878.831,204.56,427706.467,2107.697
Austria,2022-04,19617.0,4151018.0,36633.114,205.83,464339.58,2194.389
Austria,2022-05,19832.0,4266853.0,12957.492,206.92,477297.07,2218.44
Austria,2022-06,19961.0,4434838.0,18791.071,208.02,496088.143,2232.87
Austria,2022-07,20290.0,4765613.0,37001.026,211.4,533089.169,2269.672
Austria,2022-08,20575.0,4933368.0,18765.346,213.31,551854.515,2301.553
Austria,2022-09,20739.0,5114451.0,20256.236,216.86,572110.752,2319.898
Austria,2022-10,21102.0,5435951.0,35963.511,221.64,608074.261,2360.504
Austria,2022-11,21319.0,5555068.0,13324.621,225.28,621398.881,2384.778
Austria,2022-12,21579.0,5700848.0,16307.186,227.66,637706.067,2413.862
Belarus,2020-03,0.0,152.0,15.836,0.0,15.941,0.0
Belarus,2020-04,84.0,13181.0,1366.4470000000001,0.0,1382.387,8.81
Belarus,2020-05,229.0,41658.0,2986.5879999999997,0.0,4368.977,24.017
Belarus,2020-06,387.0,61790.0,2111.386,0.0,6480.366,40.587
Belarus,2020-07,559.0,67808.0,631.15,0.0,7111.517,58.626
Belarus,2020-08,676.0,71687.0,406.821,0.0,7518.336,70.897
Belarus,2020-09,828.0,78260.0,689.359,0.0,8207.694,86.838
Belarus,2020-10,977.0,97499.0,2017.731,0.0,10225.427,102.465
Belarus,2020-11,1151.0,135008.0,3933.837,0.0,14159.268,120.714
Belarus,2020-12,1414.0,192361.0,6015.027,0.0,20174.293,148.296
Belarus,2021-01,1708.0,246570.0,5685.293,0.0,25859.584,179.13
Belarus,2021-02,1966.0,285959.0,4131.009,0.22,29990.595,206.189
Belarus,2021-03,2237.0,320594.0,3632.423,0.7,33623.018,234.61
Belarus,2021-04,2532.0,357233.0,3842.596,3.45,37465.616,265.549
Belarus,2021-05,2841.0,393807.0,3835.779,8.36,41301.397,297.956
Belarus,2021-06,3132.0,416275.0,2356.384,11.26,43657.779,328.476
Belarus,2021-07,3445.0,445048.0,3017.6330000000003,23.02,46675.412,361.302
Belarus,2021-08,3768.0,480364.0,3703.844,31.08,50379.257,395.177
Belarus,2021-09,4129.0,536097.0,5845.125,38.05,56224.381,433.038
Belarus,2021-10,4614.0,598132.0,6506.062,49.99,62730.442,483.904
Belarus,2021-11,5067.0,653323.0,5788.284,66.4,68518.722,531.413
Belarus,2021-12,5561.0,697600.0,4643.652,80.84,73162.372,583.222
Belarus,2022-01,6039.0,740988.0,4550.4130000000005,105.17,77712.787,633.354
Belarus,2022-02,6470.0,917468.0,18508.738,111.69,96221.524,678.556
Belarus,2022-03,6810.0,961389.0,4606.3150000000005,121.48,100827.838,714.214
Belarus,2022-04,6943.0,979909.0,1942.328,129.47,102770.165,728.163
Belarus,2022-05,6978.0,982867.0,310.226,136.91,103080.392,731.833
Belarus,2022-06,6978.0,982867.0,0.0,138.5,103080.392,731.833
Belarus,2022-07,7118.0,994037.0,1171.479,146.63,104251.871,746.516
Belarus,2022-08,7118.0,994037.0,0.0,156.45,104251.871,746.516
Belarus,2022-09,7118.0,994037.0,0.0,165.23,104251.871,746.516
Belarus,2022-10,7118.0,994037.0,0.0,171.22,104251.871,746.516
Belarus,2022-11,7118.0,994037.0,0.0,176.17,104251.871,746.516
Belarus,2022-12,7118.0,994037.0,0.0,182.05,104251.871,746.516
Belgium,2020-03,1039.0,13558.0,1163.1,0.0,1163.185,89.139
Belgium,2020-04,7700.0,49417.0,3076.4610000000002,0.0,4239.647,660.608
Belgium,2020-05,9406.0,58854.0,809.632,0.0,5049.278,806.972
Belgium,2020-06,9723.0,61757.0,249.059,0.0,5298.336,834.168
Belgium,2020-07,9808.0,68955.0,617.54,0.0,5915.876,841.461
Belgium,2020-08,10007.0,85279.0,1400.491,0.0,7316.366,858.533
Belgium,2020-09,10130.0,119537.0,2939.1059999999998,0.0,10255.473,869.086
Belgium,2020-10,11639.0,429181.0,26565.379,0.0,36820.851,998.548
Belgium,2020-11,16839.0,578743.0,12831.413,0.0,49652.267,1444.673
Belgium,2020-12,19674.0,645277.0,5708.174,0.01,55360.438,1687.897
Belgium,2021-01,21345.0,706478.0,5250.635,2.96,60611.073,1831.258
Belgium,2021-02,22329.0,766011.0,5107.533,7.53,65718.605,1915.678
Belgium,2021-03,23144.0,875385.0,9383.555,17.21,75102.161,1985.6
Belgium,2021-04,24336.0,983584.0,9282.748,34.22,84384.909,2087.866
Belgium,2021-05,25092.0,1057103.0,6307.438,59.33,90692.346,2152.725
Belgium,2021-06,25319.0,1078057.0,1797.709,95.22,92490.058,2172.2
Belgium,2021-07,25387.0,1116224.0,3274.4719999999998,126.3,95764.531,2178.034
Belgium,2021-08,25526.0,1173816.0,4941.006,140.09,100705.538,2189.96
Belgium,2021-09,25742.0,1234498.0,5206.107,144.78,105911.647,2208.491
Belgium,2021-10,26165.0,1367535.0,11413.682,151.42,117325.329,2244.781
Belgium,2021-11,27125.0,1746222.0,32488.802,162.69,149814.133,2327.143
Belgium,2021-12,28356.0,2096712.0,30069.693,186.45,179883.824,2432.755
Belgium,2022-01,29090.0,3151446.0,90489.102,207.8,270372.925,2495.727
Belgium,2022-02,30161.0,3558680.0,34937.943999999996,215.09,305310.871,2587.611
Belgium,2022-03,30800.0,3845603.0,24616.068,217.02,329926.939,2642.433
Belgium,2022-04,31447.0,4067174.0,19009.305,217.44,348936.245,2697.942
Belgium,2022-05,31749.0,4156366.0,7652.075,218.14,356588.32,2723.851
Belgium,2022-06,31929.0,4244961.0,7600.858,220.46,364189.177,2739.294
Belgium,2022-07,32262.0,4427811.0,15687.304,220.93,379876.48,2767.863
Belgium,2022-08,32531.0,4489935.0,5329.8240000000005,221.44,385206.302,2790.942
Belgium,2022-09,32679.0,4550651.0,5209.026,237.16,390415.328,2803.639
Belgium,2022-10,32930.0,4620919.0,6028.526,251.6,396443.851,2825.173
Belgium,2022-11,33063.0,4644371.0,2012.024,253.32,398455.875,2836.584
Belgium,2022-12,33356.0,4684904.0,3477.458,253.86,401933.335,2861.721
Bosnia and Herz.,2020-03,12.0,406.0,125.56099999999999,0.0,125.559,3.711
Bosnia and Herz.,2020-04,65.0,1677.0,393.07,0.0,518.628,20.102
Bosnia and Herz.,2020-05,153.0,2494.0,252.665,0.0,771.293,47.317
Bosnia and Herz.,2020-06,184.0,4325.0,566.254,0.0,1337.548,56.904
Bosnia and Herz.,2020-07,328.0,11444.0,2201.618,0.0,3539.166,101.437
Bosnia and Herz.,2020-08,598.0,19793.0,2582.007,0.0,6121.174,184.937
Bosnia and Herz.,2020-09,843.0,27226.0,2298.723,0.0,8419.9,260.706
Bosnia and Herz.,2020-10,1212.0,48137.0,6466.927,0.0,14886.826,374.823
Bosnia and Herz.,2020-11,2620.0,87274.0,12103.49,0.0,26990.317,810.26
Bosnia and Herz.,2020-12,4050.0,110985.0,7332.853,0.0,34323.17,1252.501
Bosnia and Herz.,2021-01,4696.0,121891.0,3372.785,0.0,37695.955,1452.283
Bosnia and Herz.,2021-02,5088.0,131690.0,3030.435,0.0,40726.389,1573.513
Bosnia and Herz.,2021-03,6501.0,167654.0,11122.211,0.0,51848.599,2010.496
Bosnia and Herz.,2021-04,8494.0,197866.0,9343.352,2.5,61191.948,2626.851
Bosnia and Herz.,2021-05,9215.0,203978.0,1890.195,7.31,63082.142,2849.827
Bosnia and Herz.,2021-06,9645.0,205004.0,317.302,14.15,63399.443,2982.808
Bosnia and Herz.,2021-07,9687.0,205655.0,201.32999999999998,19.29,63600.771,2995.797
Bosnia and Herz.,2021-08,9792.0,213379.0,2388.72,28.7,65989.491,3028.269
Bosnia and Herz.,2021-09,10574.0,233775.0,6307.657,38.42,72297.149,3270.11
Bosnia and Herz.,2021-10,11528.0,253757.0,6179.624,45.76,78476.773,3565.144
Bosnia and Herz.,2021-11,12555.0,274219.0,6328.067,48.06,84804.842,3882.754
Bosnia and Herz.,2021-12,13428.0,290471.0,5026.083,48.06,89830.928,4152.737
Bosnia and Herz.,2022-01,14369.0,346651.0,17374.202,59.53,107205.129,4443.75
Bosnia and Herz.,2022-02,15435.0,371067.0,7550.881,59.53,114756.01,4773.421
Bosnia and Herz.,2022-03,15710.0,375332.0,1318.991,59.53,116075.002,4858.467
Bosnia and Herz.,2022-04,15765.0,377087.0,542.752,59.53,116617.752,4875.477
Bosnia and Herz.,2022-05,15787.0,377888.0,247.717,59.53,116865.469,4882.28
Bosnia and Herz.,2022-06,15805.0,378630.0,229.469,59.53,117094.94,4887.847
Bosnia and Herz.,2022-07,15864.0,385742.0,2199.451,59.53,119294.393,4906.093
Bosnia and Herz.,2022-08,16049.0,395630.0,3057.956,59.53,122352.352,4963.306
Bosnia and Herz.,2022-09,16136.0,398668.0,939.53,59.53,123291.882,4990.212
Bosnia and Herz.,2022-10,16169.0,399931.0,390.592,59.53,123682.477,5000.418
Bosnia and Herz.,2022-11,16202.0,400527.0,184.317,59.53,123866.796,5010.623
Bosnia and Herz.,2022-12,16234.0,401093.0,175.038,59.53,124041.837,5020.519
Bulgaria,2020-03,8.0,359.0,52.937,0.0,52.935,1.18
Bulgaria,2020-04,64.0,1447.0,160.428,0.0,213.36,9.437
Bulgaria,2020-05,147.0,2513.0,157.183,0.0,370.542,21.675
Bulgaria,2020-06,223.0,4831.0,341.789,0.0,712.331,32.881
Bulgaria,2020-07,374.0,11420.0,971.548,0.0,1683.88,55.146
Bulgaria,2020-08,613.0,16190.0,703.34,0.0,2387.217,90.387
Bulgaria,2020-09,813.0,20547.0,642.439,0.0,3029.657,119.877
Bulgaria,2020-10,1254.0,51041.0,4496.34,0.0,7526.001,184.902
Bulgaria,2020-11,3814.0,142486.0,13483.578,0.0,21009.576,562.375
Bulgaria,2020-12,7515.0,201220.0,8660.335,0.07,29669.911,1108.088
Bulgaria,2021-01,9028.0,218618.0,2565.337,0.61,32235.248,1331.18
Bulgaria,2021-02,10167.0,246706.0,4141.581,3.13,36376.826,1499.125
Bulgaria,2021-03,13068.0,338426.0,13524.123,6.97,49900.95,1926.878
Bulgaria,2021-04,16368.0,403728.0,9628.788,12.02,59529.737,2413.463
Bulgaria,2021-05,17662.0,418274.0,2144.809,20.14,61674.547,2604.264
Bulgaria,2021-06,18049.0,421751.0,512.684,25.97,62187.231,2661.327
Bulgaria,2021-07,18211.0,424872.0,460.19,29.9,62647.422,2685.214
Bulgaria,2021-08,18840.0,453689.0,4249.067,34.1,66896.492,2777.96
Bulgaria,2021-09,20812.0,500112.0,6845.0740000000005,37.45,73741.569,3068.732
Bulgaria,2021-10,23918.0,601035.0,14881.109,42.17,88622.676,3526.712
Bulgaria,2021-11,28325.0,692376.0,13468.239,49.11,102090.916,4176.524
Bulgaria,2021-12,30890.0,744298.0,7655.904,54.57,109746.821,4554.734
Bulgaria,2022-01,33160.0,941814.0,29123.752,61.42,138870.576,4889.446
Bulgaria,2022-02,35482.0,1088520.0,21631.819,63.41,160502.392,5231.825
Bulgaria,2022-03,36512.0,1137780.0,7263.392,64.17,167765.784,5383.698
Bulgaria,2022-04,36911.0,1156466.0,2755.253,64.62,170521.037,5442.531
Bulgaria,2022-05,37145.0,1164985.0,1256.129,64.86,171777.165,5477.034
Bulgaria,2022-06,37251.0,1171767.0,1000.005,65.05,172777.171,5492.664
Bulgaria,2022-07,37377.0,1206688.0,5149.103,65.97,177926.276,5511.243
Bulgaria,2022-08,37600.0,1242133.0,5226.37,66.71,183152.646,5544.124
Bulgaria,2022-09,37714.0,1258670.0,2438.381,67.09,185591.028,5560.933
Bulgaria,2022-10,37860.0,1278236.0,2885.009,67.52,188476.037,5582.461
Bulgaria,2022-11,38039.0,1287035.0,1297.415,67.78,189773.45,5608.855
Bulgaria,2022-12,38106.0,1292033.0,736.957,67.87,190510.406,5618.734
Croatia,2020-03,6.0,790.0,194.773,0.0,196.012,1.489
Croatia,2020-04,67.0,2062.0,315.606,0.0,511.617,16.624
Croatia,2020-05,103.0,2246.0,45.652,0.0,557.27,25.556
Croatia,2020-06,107.0,2725.0,118.84700000000001,0.0,676.118,26.548
Croatia,2020-07,144.0,5071.0,582.082,0.0,1258.2,35.729
Croatia,2020-08,184.0,10123.0,1253.487,0.0,2511.686,45.653
Croatia,2020-09,275.0,16380.0,1552.467,0.0,4064.152,68.232
Croatia,2020-10,531.0,46547.0,7484.938,0.0,11549.09,131.75
Croatia,2020-11,1712.0,126612.0,19865.463,0.0,31414.556,424.776
Croatia,2020-12,3860.0,208446.0,20304.386,0.2,51718.94,957.731
Croatia,2021-01,4998.0,232090.0,5866.47,1.98,57585.412,1240.087
Croatia,2021-02,5511.0,242617.0,2611.922,4.82,60197.337,1367.371
Croatia,2021-03,5928.0,269009.0,6548.298,11.82,66745.634,1470.836
Croatia,2021-04,7040.0,330176.0,15176.559,22.36,81922.19,1746.742
Croatia,2021-05,8014.0,356141.0,6442.351,44.0,88364.541,1988.407
Croatia,2021-06,8205.0,359736.0,891.98,63.85,89256.521,2035.798
Croatia,2021-07,8254.0,363397.0,908.355,76.38,90164.876,2047.956
Croatia,2021-08,8331.0,373330.0,2464.545,81.01,92629.42,2067.06
Croatia,2021-09,8628.0,403080.0,7381.473,85.27,100010.892,2140.751
Croatia,2021-10,9198.0,467029.0,15866.816,89.73,115877.709,2282.178
Croatia,2021-11,10826.0,604347.0,34070.894,103.07,149948.603,2686.112
Croatia,2021-12,12493.0,709678.0,26134.38,117.35,176082.986,3099.722
Croatia,2022-01,13777.0,935722.0,56085.298,126.56,232168.285,3418.304
Croatia,2022-02,15030.0,1054596.0,29494.627,128.91,261662.913,3729.194
Croatia,2022-03,15563.0,1097409.0,10622.622,129.62,272285.535,3861.441
Croatia,2022-04,15822.0,1121662.0,6017.573,130.11,278303.11,3925.703
Croatia,2022-05,15984.0,1136453.0,3669.892,130.34,281973.004,3965.898
Croatia,2022-06,16060.0,1147380.0,2711.17,130.47,284684.176,3984.755
Croatia,2022-07,16300.0,1185799.0,9532.395,130.62,294216.573,4044.303
Croatia,2022-08,16687.0,1212547.0,6636.625,130.8,300853.199,4140.324
Croatia,2022-09,16902.0,1231575.0,4721.166,131.52,305574.364,4193.669
Croatia,2022-10,17136.0,1246920.0,3807.353,132.23,309381.715,4251.728
Croatia,2022-11,17312.0,1253306.0,1584.473,132.65,310966.189,4295.397
Croatia,2022-12,17583.0,1263517.0,2533.52,132.84,313499.709,4362.636
Czechia,2020-03,28.0,3026.0,288.356,0.0,288.356,2.668
Czechia,2020-04,234.0,7625.0,438.251,0.0,726.606,22.298
Czechia,2020-05,318.0,9319.0,161.426,0.0,888.032,30.303
Czechia,2020-06,346.0,11918.0,247.667,0.0,1135.698,32.971
Czechia,2020-07,380.0,16450.0,431.868,0.0,1567.564,36.211
Czechia,2020-08,426.0,24507.0,767.773,0.0,2335.337,40.595
Czechia,2020-09,659.0,68043.0,4148.66,0.0,6483.997,62.798
Czechia,2020-10,3410.0,324692.0,24456.760000000002,0.0,30940.758,324.948
Czechia,2020-11,8482.0,522066.0,18808.29,0.0,49749.047,808.272
Czechia,2020-12,11888.0,723576.0,19202.418,0.11,68951.467,1132.839
Czechia,2021-01,16754.0,993661.0,25737.112,2.68,94688.579,1596.533
Czechia,2021-02,20859.0,1247770.0,24214.72,6.38,118903.296,1987.709
Czechia,2021-03,26987.0,1549750.0,28776.47,16.57,147679.767,2571.662
Czechia,2021-04,29677.0,1650183.0,9570.523,30.56,157250.293,2828.0
Czechia,2021-05,30394.0,1681581.0,2991.997,51.33,160242.291,2896.324
Czechia,2021-06,30485.0,1687563.0,570.042,79.22,160812.332,2904.996
Czechia,2021-07,30501.0,1693881.0,602.057,99.19,161414.391,2906.521
Czechia,2021-08,30532.0,1699612.0,546.12,109.82,161960.513,2909.475
Czechia,2021-09,30579.0,1712320.0,1210.978,112.92,163171.491,2913.954
Czechia,2021-10,30890.0,1785537.0,6977.04,117.16,170148.533,2943.59
Czechia,2021-11,33266.0,2183008.0,37876.06,129.13,208024.593,3170.005
Czechia,2021-12,36331.0,2517356.0,31860.901,147.63,239885.496,3462.077
Czechia,2022-01,37396.0,3131320.0,58506.254,162.55,298391.746,3563.564
Czechia,2022-02,38826.0,3793373.0,63088.776,165.73,361480.524,3699.832
Czechia,2022-03,39786.0,4075458.0,26880.622,166.76,388361.148,3791.313
Czechia,2022-04,40260.0,4182159.0,10167.819,167.46,398528.968,3836.482
Czechia,2022-05,40380.0,4200135.0,1712.979,168.02,400241.948,3847.917
Czechia,2022-06,40403.0,4216056.0,1517.155,168.37,401759.102,3850.108
Czechia,2022-07,40580.0,4286300.0,6693.737,169.2,408452.838,3866.975
Czechia,2022-08,40941.0,4365930.0,7588.15,170.6,416040.991,3901.376
Czechia,2022-09,41199.0,4459175.0,8885.563,172.27,424926.553,3925.961
Czechia,2022-10,41682.0,4534508.0,7178.68,175.0,432105.234,3971.988
Czechia,2022-11,41893.0,4558351.0,2272.063,176.72,434377.296,3992.095
Czechia,2022-12,42150.0,4580105.0,2072.996,177.14,436450.292,4016.585
Denmark,2020-03,77.0,2577.0,437.922,0.0,438.097,13.09
Denmark,2020-04,443.0,9008.0,1093.285,0.0,1531.384,75.311
Denmark,2020-05,577.0,11633.0,446.25,0.0,1977.642,98.092
Denmark,2020-06,611.0,12751.0,190.06,0.0,2167.705,103.872
Denmark,2020-07,621.0,13725.0,165.58,0.0,2333.287,105.572
Denmark,2020-08,630.0,16891.0,538.22,0.0,2871.516,107.102
Denmark,2020-09,656.0,27464.0,1797.439,0.0,4668.955,111.522
Denmark,2020-10,725.0,45225.0,3019.415,0.0,7688.373,123.252
Denmark,2020-11,835.0,79352.0,5801.683,0.0,13490.055,141.952
Denmark,2020-12,1256.0,161230.0,13919.484,0.0,27409.538,213.523
Denmark,2021-01,2106.0,198095.0,6267.149,3.84,33676.688,358.026
Denmark,2021-02,2358.0,210732.0,2148.32,9.02,35825.012,400.866
Denmark,2021-03,2417.0,232402.0,3683.956,15.92,39508.971,410.897
Denmark,2021-04,2483.0,253054.0,3510.896,31.96,43019.867,422.117
Denmark,2021-05,2516.0,282883.0,5071.012,54.57,48090.878,427.727
Denmark,2021-06,2534.0,295837.0,2202.216,82.9,50293.093,430.787
Denmark,2021-07,2548.0,318568.0,3864.33,122.29,54157.425,433.167
Denmark,2021-08,2580.0,347350.0,4893.02,141.68,59050.443,438.607
Denmark,2021-09,2654.0,360869.0,2298.267,146.65,61348.71,451.187
Denmark,2021-10,2713.0,388751.0,4740.016,152.19,66088.725,461.217
Denmark,2021-11,2883.0,485753.0,16490.603,162.2,82579.329,490.118
Denmark,2021-12,3256.0,783702.0,50652.136,203.39,133231.468,553.529
Denmark,2022-01,3738.0,1713485.0,158065.636,218.92,291297.102,635.47
Denmark,2022-02,4584.0,2748260.0,175914.559,220.92,467211.661,779.292
Denmark,2022-03,5668.0,3054842.0,52119.772,221.59,519331.434,963.575
Denmark,2022-04,6149.0,3115721.0,10349.596,222.03,529681.029,1045.347
Denmark,2022-05,6358.0,3136184.0,3478.764,222.36,533159.795,1080.877
Denmark,2022-06,6463.0,3169600.0,5680.806,222.66,538840.605,1098.728
Denmark,2022-07,6649.0,3230985.0,10435.618,222.99,549276.222,1130.348
Denmark,2022-08,6920.0,3272445.0,7048.316,223.21,556324.535,1176.419
Denmark,2022-09,7065.0,3298293.0,4394.232,225.61,560718.765,1201.069
Denmark,2022-10,7337.0,3333984.0,6067.568,249.33,566786.332,1247.31
Denmark,2022-11,7528.0,3352606.0,3165.79,254.57,569952.122,1279.78
Denmark,2022-12,7782.0,3388439.0,6091.707,255.64,576043.829,1322.961
Estonia,2020-03,3.0,726.0,546.728,0.0,547.485,2.262
Estonia,2020-04,50.0,1685.0,723.195,0.0,1270.678,37.706
Estonia,2020-05,63.0,1867.0,137.25,0.0,1407.926,47.509
Estonia,2020-06,63.0,1996.0,97.278,0.0,1505.206,47.509
Estonia,2020-07,63.0,2070.0,55.8,0.0,1561.011,47.509
Estonia,2020-08,64.0,2380.0,233.774,0.0,1794.785,48.263
Estonia,2020-09,64.0,3378.0,752.603,0.0,2547.388,48.263
Estonia,2020-10,73.0,4905.0,1151.528,0.0,3698.916,55.05
Estonia,2020-11,112.0,12312.0,5585.706,0.0,9284.62,84.46
Estonia,2020-12,229.0,28008.0,11836.537,0.19,21121.153,172.692
Estonia,2021-01,419.0,44267.0,12261.097,2.91,33382.25,315.973
Estonia,2021-02,589.0,65675.0,16144.02,8.5,49526.267,444.172
Estonia,2021-03,902.0,106562.0,30833.352,20.11,80359.621,680.208
Estonia,2021-04,1158.0,122472.0,11997.912,34.62,92357.533,873.261
Estonia,2021-05,1252.0,129708.0,5456.751,53.26,97814.283,944.147
Estonia,2021-06,1269.0,131260.0,1170.381,72.05,98984.664,956.967
Estonia,2021-07,1272.0,133748.0,1876.226,85.46,100860.894,959.23
Estonia,2021-08,1292.0,142168.0,6349.618,95.98,107210.512,974.312
Estonia,2021-09,1357.0,156563.0,10855.435,103.37,118065.946,1023.329
Estonia,2021-10,1531.0,194282.0,28444.33,111.39,146510.274,1154.545
Estonia,2021-11,1800.0,222921.0,21596.998,125.15,168107.271,1357.401
Estonia,2021-12,1932.0,241808.0,14242.898000000001,136.41,182350.173,1456.943
Estonia,2022-01,2033.0,338680.0,73052.281,144.8,255402.454,1533.109
Estonia,2022-02,2236.0,496264.0,118835.89,147.36,374238.347,1686.193
Estonia,2022-03,2455.0,558432.0,46881.6,148.76,421119.946,1851.344
Estonia,2022-04,2540.0,574572.0,12171.361,149.53,433291.304,1915.443
Estonia,2022-05,2574.0,579602.0,3793.182,150.07,437084.485,1941.083
Estonia,2022-06,2591.0,583445.0,2898.051,150.38,439982.535,1953.903
Estonia,2022-07,2620.0,590909.0,5628.686,151.04,445611.222,1975.772
Estonia,2022-08,2651.0,598047.0,5382.845,152.96,450994.07,1999.149
Estonia,2022-09,2681.0,602725.0,3527.732,154.85,454521.803,2021.773
Estonia,2022-10,2739.0,607181.0,3360.322,156.57,457882.123,2065.511
Estonia,2022-11,2790.0,609391.0,1666.585,157.89,459548.71,2103.971
Estonia,2022-12,2853.0,612289.0,2185.413,158.47,461734.124,2151.48
Finland,2020-03,41.0,1543.0,277.579,0.0,278.482,7.4
Finland,2020-04,255.0,5228.0,665.073,0.0,943.555,46.023
Finland,2020-05,305.0,6964.0,313.31600000000003,0.0,1256.871,55.047
Finland,2020-06,308.0,7244.0,50.533,0.0,1307.405,55.588
Finland,2020-07,312.0,7460.0,38.982,0.0,1346.389,56.31
Finland,2020-08,314.0,8185.0,130.85,0.0,1477.238,56.671
Finland,2020-09,329.0,10107.0,346.887,0.0,1824.123,59.378
Finland,2020-10,349.0,16227.0,1104.545,0.0,2928.668,62.988
Finland,2020-11,437.0,25231.0,1625.052,0.0,4553.72,78.87
Finland,2020-12,587.0,36172.0,1974.645,0.0,6528.364,105.942
Finland,2021-01,701.0,45551.0,1692.7359999999999,3.19,8221.097,126.517
Finland,2021-02,783.0,57952.0,2238.147,8.6,10459.243,141.317
Finland,2021-03,880.0,77729.0,3569.375,17.2,14028.619,158.823
Finland,2021-04,932.0,87191.0,1707.714,30.99,15736.331,168.208
Finland,2021-05,974.0,92898.0,1030.005,53.5,16766.337,175.789
Finland,2021-06,985.0,96005.0,560.758,76.11,17327.092,177.774
Finland,2021-07,1006.0,107007.0,1985.656,97.46,19312.746,181.564
Finland,2021-08,1052.0,127468.0,3692.822,122.77,23005.571,189.866
Finland,2021-09,1115.0,141688.0,2566.441,136.26,25572.012,201.236
Finland,2021-10,1244.0,159381.0,3193.249,148.22,28765.265,224.519
Finland,2021-11,1465.0,187065.0,4996.439,155.27,33761.705,264.405
Finland,2021-12,1705.0,263856.0,13859.327,173.57,47621.033,307.72
Finland,2022-01,2262.0,505708.0,43649.725,198.68,91270.759,408.248
Finland,2022-02,2809.0,685231.0,32400.516,206.53,123671.275,506.972
Finland,2022-03,3740.0,911236.0,40789.639,210.79,164460.916,674.999
Finland,2022-04,4499.0,1045684.0,24265.327,212.01,188726.245,811.985
Finland,2022-05,4840.0,1104894.0,10686.29,217.37,199412.534,873.529
Finland,2022-06,5080.0,1153240.0,8725.541,219.62,208138.075,916.844
Finland,2022-07,5480.0,1220149.0,12075.818,220.26,220213.888,989.037
Finland,2022-08,5914.0,1269874.0,8974.426,228.47,229188.313,1067.365
Finland,2022-09,6334.0,1304351.0,6222.451,231.53,235410.762,1143.168
Finland,2022-10,7164.0,1361011.0,10226.062,232.62,245636.823,1292.967
Finland,2022-11,7920.0,1412796.0,9346.215,235.94,254983.039,1429.411
Finland,2022-12,8585.0,1453905.0,7419.4,237.32,262402.439,1549.431
France,2020-03,3017.0,43977.0,679.595,0.0,680.478,46.684
France,2020-04,24054.0,127066.0,1285.675,0.0,1966.156,372.2
France,2020-05,28717.0,148236.0,327.575,0.0,2293.73,444.352
France,2020-06,29730.0,159374.0,172.34199999999998,0.0,2466.073,460.027
France,2020-07,30136.0,179994.0,319.065,0.0,2785.137,466.309
France,2020-08,30467.0,291678.0,1728.144,0.0,4513.279,471.431
France,2020-09,31690.0,586745.0,4565.719,0.0,9078.998,490.355
France,2020-10,36263.0,1512058.0,14317.831,0.0,23396.828,561.115
France,2020-11,51965.0,2185816.0,10425.396,0.0,33822.222,804.08
France,2020-12,64004.0,2564972.0,5866.87,0.0,39689.092,990.366
France,2021-01,75466.0,3114542.0,8503.772,2.56,48192.862,1167.723
France,2021-02,85846.0,3595472.0,7441.669,7.1,55634.532,1328.338
France,2021-03,94731.0,4432242.0,12947.761,17.41,68582.292,1465.82
France,2021-04,103511.0,5202620.0,11920.442,33.36,80502.735,1601.677
France,2021-05,108558.0,5566214.0,5626.07,55.37,86128.807,1679.772
France,2021-06,110108.0,5662173.0,1484.82,81.57,87613.628,1703.756
France,2021-07,110757.0,5971496.0,4786.307,110.29,92399.937,1713.798
France,2021-08,112609.0,6555458.0,9035.936,130.88,101435.873,1742.455
France,2021-09,114393.0,6794096.0,3692.566,141.2,105128.437,1770.06
France,2021-10,115232.0,6937242.0,2214.97,147.48,107343.407,1783.042
France,2021-11,116545.0,7394139.0,7069.7970000000005,157.19,114413.202,1803.359
France,2021-12,120962.0,9482582.0,32315.522,183.22,146728.723,1871.705
France,2022-01,127773.0,18551940.0,140334.702,202.41,287063.425,1977.095
France,2022-02,135056.0,22029348.0,53807.668,208.66,340871.094,2089.789
France,2022-03,138951.0,24696973.0,41277.492,210.26,382148.586,2150.058
France,2022-04,142627.0,27770864.0,47563.85,211.99,429712.436,2206.939
France,2022-05,144955.0,28602949.0,12875.268,213.54,442587.702,2242.961
France,2022-06,146121.0,30025809.0,22016.623,215.6,464604.325,2261.003
France,2022-07,148585.0,32845406.0,43629.031,219.22,508233.356,2299.13
France,2022-08,150523.0,33493186.0,10023.422,220.44,518256.779,2329.117
France,2022-09,151504.0,34302175.0,12517.889,221.38,530774.67,2344.297
France,2022-10,153293.0,35762417.0,22595.053,222.68,553369.723,2371.979
France,2022-11,155251.0,36700451.0,14514.668,223.96,567884.391,2402.276
France,2022-12,158318.0,38199813.0,23200.378,226.29,591084.767,2449.733
Germany,2020-03,2302.0,68022.0,814.562,0.0,815.907,27.612
Germany,2020-04,8354.0,160814.0,1113.016,0.0,1928.923,100.204
Germany,2020-05,9122.0,181883.0,252.718,0.0,2181.64,109.416
Germany,2020-06,9269.0,194537.0,151.78,0.0,2333.422,111.179
Germany,2020-07,9402.0,209280.0,176.838,0.0,2510.26,112.775
Germany,2020-08,9531.0,243526.0,410.77,0.0,2921.032,114.322
Germany,2020-09,9858.0,291265.0,572.618,0.0,3493.65,118.244
Germany,2020-10,12930.0,532662.0,2895.495,0.0,6389.145,155.092
Germany,2020-11,24566.0,1062255.0,6352.334,0.0,12741.478,294.663
Germany,2020-12,50445.0,1734450.0,8062.805,0.25,20804.286,605.075
Germany,2021-01,70617.0,2217067.0,5788.868,3.06,26593.154,847.033
Germany,2021-02,77390.0,2441948.0,2697.39,7.61,29290.544,928.273
Germany,2021-03,82945.0,2815518.0,4480.878,17.06,33771.421,994.904
Germany,2021-04,89721.0,3382866.0,6805.193,35.98,40576.616,1076.181
Germany,2021-05,92532.0,3677849.0,3538.246,61.68,44114.862,1109.898
Germany,2021-06,92828.0,3726160.0,579.476,92.07,44694.34,1113.448
Germany,2021-07,92994.0,3769258.0,516.947,113.13,45211.29,1115.439
Germany,2021-08,93871.0,3947621.0,2139.417,124.54,47350.709,1125.959
Germany,2021-09,95650.0,4231825.0,3408.957,131.81,50759.663,1147.297
Germany,2021-10,99146.0,4609180.0,4526.277,136.93,55285.94,1189.231
Germany,2021-11,109435.0,5865054.0,15063.889000000001,152.27,70349.829,1312.645
Germany,2021-12,118462.0,7165070.0,15593.359,184.68,85943.19,1420.922
Germany,2022-01,122231.0,9957851.0,33498.696,202.88,119441.887,1466.13
Germany,2022-02,128817.0,14846757.0,58641.183,209.07,178083.069,1545.127
Germany,2022-03,136782.0,21307285.0,77492.388,213.85,255575.458,1640.665
Germany,2022-04,141143.0,24903318.0,43133.496999999996,216.61,298708.958,1692.974
Germany,2022-05,142738.0,26360006.0,17472.601,218.33,316181.559,1712.106
Germany,2022-06,144535.0,28257731.0,22762.727,219.51,338944.287,1733.661
Germany,2022-07,148540.0,30919940.0,31932.518,220.79,370876.806,1781.699
Germany,2022-08,151113.0,32174177.0,15044.252,221.72,385921.06,1812.562
Germany,2022-09,153165.0,33354071.0,14152.526,223.02,400073.588,1837.175
Germany,2022-10,158718.0,35617475.0,27148.954,225.99,427222.542,1903.782
Germany,2022-11,161574.0,36485264.0,10408.908,228.67,437631.45,1938.039
Germany,2022-12,166278.0,37385473.0,10797.778,229.8,448429.228,1994.462
Greece,2020-03,43.0,1212.0,116.319,0.0,116.707,4.141
Greece,2020-04,139.0,2576.0,131.344,0.0,248.051,13.385
Greece,2020-05,175.0,2915.0,32.644999999999996,0.0,280.694,16.851
Greece,2020-06,191.0,3390.0,45.74,0.0,326.433,18.392
Greece,2020-07,203.0,4401.0,97.354,0.0,423.785,19.547
Greece,2020-08,262.0,10134.0,552.049,0.0,975.833,25.229
Greece,2020-09,388.0,18123.0,769.286,0.0,1745.118,37.362
Greece,2020-10,620.0,37196.0,1836.593,0.0,3581.714,59.702
Greece,2020-11,2321.0,104227.0,6454.615,0.0,10036.329,223.496
Greece,2020-12,4788.0,137918.0,3244.207,0.02,13280.537,461.051
Greece,2021-01,5779.0,156473.0,1786.713,2.61,15067.253,556.477
Greece,2021-02,6468.0,189831.0,3212.142,8.53,18279.394,622.823
Greece,2021-03,8017.0,260077.0,6764.197,16.37,25043.592,771.981
Greece,2021-04,10315.0,342908.0,7976.046,29.83,33019.636,993.262
Greece,2021-05,12054.0,401301.0,5622.839,53.9,38642.473,1160.716
Greece,2021-06,12695.0,421829.0,1976.703,80.8,40619.175,1222.44
Greece,2021-07,12948.0,490552.0,6617.544,101.46,47236.719,1246.802
Greece,2021-08,13656.0,583658.0,8965.456,109.86,56202.174,1314.977
Greece,2021-09,14795.0,653535.0,6728.665,117.12,62930.839,1424.655
Greece,2021-10,15894.0,739448.0,8272.818,124.15,71203.659,1530.481
Greece,2021-11,18067.0,931183.0,18462.738,139.78,89666.395,1739.725
Greece,2021-12,20708.0,1170293.0,23024.617000000002,168.22,112691.012,1994.035
Greece,2022-01,23403.0,1935007.0,73636.599,186.43,186327.609,2253.545
Greece,2022-02,25816.0,2419416.0,46645.194,194.0,232972.8,2485.9
Greece,2022-03,27485.0,3023348.0,58154.416,197.75,291127.217,2646.613
Greece,2022-04,29145.0,3453653.0,41435.358,200.96,332562.572,2806.459
Greece,2022-05,29859.0,3597067.0,13809.762,202.39,346372.335,2875.212
Greece,2022-06,30249.0,3843459.0,23725.822,203.15,370098.157,2912.767
Greece,2022-07,31053.0,4355024.0,49260.123999999996,204.59,419358.28,2990.186
Greece,2022-08,32552.0,4762827.0,39268.568999999996,205.42,458626.85,3134.529
Greece,2022-09,33115.0,4920418.0,15174.909,206.29,473801.759,3188.742
Greece,2022-10,33750.0,5188890.0,25851.972,208.57,499653.73,3249.888
Greece,2022-11,34328.0,5404952.0,20805.254999999997,210.81,520458.986,3305.546
Greece,2022-12,34925.0,5588392.0,17663.985999999997,212.01,538122.972,3363.033
Hungary,2020-03,16.0,492.0,49.363,0.0,49.361,1.605
Hungary,2020-04,312.0,2775.0,229.05,0.0,278.41,31.302
Hungary,2020-05,524.0,3867.0,109.558,0.0,387.969,52.572
Hungary,2020-06,585.0,4145.0,27.892,0.0,415.86,58.692
Hungary,2020-07,596.0,4505.0,36.12,0.0,451.978,59.796
Hungary,2020-08,614.0,5961.0,146.077,0.0,598.055,61.601
Hungary,2020-09,765.0,26461.0,2056.725,0.0,2654.78,76.751
Hungary,2020-10,1750.0,75321.0,4902.031,0.0,7556.808,175.574
Hungary,2020-11,4823.0,217122.0,14226.614,0.0,21783.423,483.882
Hungary,2020-12,9537.0,322514.0,10573.771999999999,0.01,32357.195,956.828
Hungary,2021-01,12524.0,367586.0,4521.985,3.0,36879.18,1256.508
Hungary,2021-02,14974.0,428599.0,6121.316,9.4,43000.494,1502.312
Hungary,2021-03,20737.0,652433.0,22456.823,28.63,65457.319,2080.502
Hungary,2021-04,27540.0,779348.0,12733.133,59.91,78190.452,2763.034
Hungary,2021-05,29734.0,804538.0,2527.265,88.61,80717.715,2983.154
Hungary,2021-06,29992.0,808128.0,360.178,92.8,81077.892,3009.038
Hungary,2021-07,30026.0,809491.0,136.744,92.8,81214.639,3012.45
Hungary,2021-08,30058.0,812337.0,285.534,92.8,81500.173,3015.66
Hungary,2021-09,30190.0,822705.0,1040.203,121.51,82540.374,3028.903
Hungary,2021-10,30729.0,863419.0,4084.755,127.86,86625.13,3082.98
Hungary,2021-11,34521.0,1103108.0,24047.524999999998,143.29,110672.655,3463.424
Hungary,2021-12,39186.0,1256415.0,15380.99,151.24,126053.645,3931.454
Hungary,2022-01,41405.0,1553405.0,29796.421000000002,159.8,155850.067,4154.082
Hungary,2022-02,43949.0,1787544.0,23490.706,161.97,179340.773,4409.317
Hungary,2022-03,45470.0,1851871.0,6453.8,164.84,185794.574,4561.916
Hungary,2022-04,46201.0,1901017.0,4930.721,165.66,190725.295,4635.255
Hungary,2022-05,46507.0,1917777.0,1681.498,165.85,192406.793,4665.956
Hungary,2022-06,46647.0,1928125.0,1038.195,165.85,193444.988,4680.002
Hungary,2022-07,46790.0,1965481.0,3747.854,165.85,197192.842,4694.349
Hungary,2022-08,47291.0,2048547.0,8333.848,165.85,205526.69,4744.613
Hungary,2022-09,47503.0,2094142.0,4574.457,165.85,210101.147,4765.883
Hungary,2022-10,47938.0,2141513.0,4752.639,165.85,214853.786,4809.525
Hungary,2022-11,48287.0,2166352.0,2492.049,165.85,217345.834,4844.54
Hungary,2022-12,48495.0,2185816.0,1952.784,167.56,219298.619,4865.408
Iceland,2020-03,2.0,1137.0,3046.369,0.0,3049.05,5.363
Iceland,2020-04,10.0,1797.0,1769.8980000000001,0.0,4818.948,26.817
Iceland,2020-05,10.0,1806.0,24.137,0.0,4843.083,26.817
Iceland,2020-06,10.0,1818.0,32.181,0.0,4875.262,26.817
Iceland,2020-07,10.0,1862.0,117.994,0.0,4993.256,26.817
Iceland,2020-08,10.0,2018.0,418.34000000000003,0.0,5411.595,26.817
Iceland,2020-09,10.0,2591.0,1536.594,0.0,6948.188,26.817
Iceland,2020-10,12.0,4563.0,5288.24,0.0,12236.426,32.18
Iceland,2020-11,25.0,4997.0,1163.843,0.0,13400.268,67.042
Iceland,2020-12,30.0,5247.0,670.418,1.31,14070.683,80.45
Iceland,2021-01,30.0,5341.0,252.078,4.16,14322.76,80.45
Iceland,2021-02,30.0,5352.0,29.501,8.62,14352.258,80.45
Iceland,2021-03,30.0,5432.0,214.536,19.57,14566.791,80.45
Iceland,2021-04,30.0,5665.0,624.83,38.95,15191.618,80.45
Iceland,2021-05,31.0,5757.0,246.711,66.99,15438.331,83.132
Iceland,2021-06,31.0,5793.0,96.542,107.69,15534.871,83.132
Iceland,2021-07,31.0,7021.0,3293.08,126.14,18827.953,83.132
Iceland,2021-08,33.0,9770.0,7371.89,141.44,26199.843,88.495
Iceland,2021-09,33.0,10724.0,2558.308,148.73,28758.149,88.495
Iceland,2021-10,33.0,12450.0,4628.552,153.07,33386.698,88.495
Iceland,2021-11,35.0,16472.0,10785.647,173.93,44172.345,93.858
Iceland,2021-12,36.0,28286.0,31681.163,192.26,75853.506,96.54
Iceland,2022-01,45.0,64249.0,96440.631,208.02,172294.135,120.675
Iceland,2022-02,61.0,129365.0,174619.139,214.91,346913.272,163.581
Iceland,2022-03,99.0,180449.0,136990.051,216.0,483903.321,265.485
Iceland,2022-04,124.0,184693.0,11380.977,216.0,495284.296,332.526
Iceland,2022-05,152.0,187560.0,7688.326,216.0,502972.623,407.613
Iceland,2022-06,173.0,194016.0,17312.809,216.0,520285.436,463.928
Iceland,2022-07,178.0,201668.0,20520.081000000002,216.0,540805.518,477.336
Iceland,2022-08,212.0,204126.0,6591.525,216.0,547397.044,568.512
Iceland,2022-09,212.0,205147.0,2737.98,216.0,550135.022,568.512
Iceland,2022-10,212.0,205984.0,2244.552,216.0,552379.573,568.512
Iceland,2022-11,235.0,206949.0,2587.807,216.0,554967.378,630.191
Iceland,2022-12,246.0,208001.0,2821.11,216.0,557788.487,659.689
Ireland,2020-03,72.0,2625.0,522.585,0.0,522.585,14.334
Ireland,2020-04,1211.0,19877.0,3434.524,0.0,3957.112,241.086
Ireland,2020-05,1635.0,24876.0,995.2,0.0,4952.312,325.496
Ireland,2020-06,1713.0,25439.0,112.082,0.0,5064.394,341.024
Ireland,2020-07,1731.0,25942.0,100.139,0.0,5164.532,344.607
Ireland,2020-08,1740.0,28719.0,552.845,0.0,5717.377,346.399
Ireland,2020-09,1775.0,35377.0,1325.474,0.0,7042.851,353.367
Ireland,2020-10,1896.0,61375.0,5175.68,0.0,12218.531,377.456
Ireland,2020-11,2083.0,73020.0,2318.285,0.0,14536.817,414.683
Ireland,2020-12,2264.0,89517.0,3284.22,0.05,17821.038,450.717
Ireland,2021-01,3558.0,194970.0,20993.575,4.14,38814.614,708.326
Ireland,2021-02,4567.0,219329.0,4849.389,9.39,43664.002,909.198
Ireland,2021-03,4848.0,236156.0,3349.918,18.84,47013.92,965.14
Ireland,2021-04,4968.0,248935.0,2544.042,33.56,49557.963,989.029
Ireland,2021-05,5015.0,262384.0,2677.426,59.81,52235.389,998.386
Ireland,2021-06,5039.0,272667.0,2047.137,89.27,54282.528,1003.164
Ireland,2021-07,5061.0,299126.0,5267.458,119.96,59549.984,1007.544
Ireland,2021-08,5141.0,350851.0,10297.411,138.63,69847.393,1023.47
Ireland,2021-09,5324.0,391754.0,8142.966,145.99,77990.36,1059.902
Ireland,2021-10,5564.0,445201.0,10640.223,152.08,88630.585,1107.681
Ireland,2021-11,5828.0,564590.0,23767.955,167.01,112398.539,1160.238
Ireland,2021-12,6088.0,752431.0,37395.372,196.19,149793.912,1211.999
Ireland,2022-01,6417.0,1179056.0,84932.476,208.22,234726.389,1277.496
Ireland,2022-02,6659.0,1309819.0,26032.288,212.28,260758.678,1325.673
Ireland,2022-03,6978.0,1462824.0,30460.225,215.07,291218.903,1389.18
Ireland,2022-04,7367.0,1530165.0,13406.243,216.89,304625.144,1466.622
Ireland,2022-05,7514.0,1562890.0,6514.89,218.24,311140.035,1495.887
Ireland,2022-06,7629.0,1598381.0,7065.544,219.07,318205.581,1518.781
Ireland,2022-07,7815.0,1645593.0,9398.962,219.63,327604.543,1555.81
Ireland,2022-08,7949.0,1656108.0,2093.328,219.95,329697.868,1582.486
Ireland,2022-09,8014.0,1663886.0,1548.445,220.19,331246.312,1595.427
Ireland,2022-10,8148.0,1673020.0,1818.396,220.52,333064.708,1622.103
Ireland,2022-11,8278.0,1680171.0,1423.618,220.8,334488.329,1647.984
Ireland,2022-12,8467.0,1692146.0,2383.98,220.96,336872.311,1685.61
Italy,2020-03,11591.0,101739.0,1708.255,0.0,1723.295,196.333
Italy,2020-04,27682.0,203591.0,1725.21,0.0,3448.505,468.889
Italy,2020-05,33340.0,232664.0,492.449,0.0,3940.955,564.726
Italy,2020-06,34744.0,240835.0,138.403,0.0,4079.358,588.508
Italy,2020-07,35132.0,247557.0,113.861,0.0,4193.218,595.08
Italy,2020-08,35477.0,268617.0,356.722,0.0,4549.941,600.923
Italy,2020-09,35875.0,313410.0,758.722,0.0,5308.662,607.665
Italy,2020-10,38321.0,648073.0,5668.652,0.0,10977.316,649.096
Italy,2020-11,54904.0,1585577.0,15879.81,0.0,26857.129,929.986
Italy,2020-12,73604.0,2083689.0,8437.217,0.07,35294.347,1246.734
Italy,2021-01,88279.0,2541783.0,7759.376,3.46,43053.724,1495.305
Italy,2021-02,97507.0,2907825.0,6200.165,7.52,49253.887,1651.612
Italy,2021-03,108879.0,3560945.0,11062.807,17.82,60316.692,1844.235
Italy,2021-04,120544.0,4009208.0,7592.854,34.43,67909.547,2041.822
Italy,2021-05,126046.0,4216003.0,3502.777,60.04,71412.323,2135.017
Italy,2021-06,127542.0,4259133.0,730.554,88.38,72142.876,2160.357
Italy,2021-07,128047.0,4343519.0,1429.362,116.71,73572.239,2168.911
Italy,2021-08,129146.0,4534499.0,3234.895,132.31,76807.134,2187.526
Italy,2021-09,130870.0,4668261.0,2265.716,144.02,79072.847,2216.728
Italy,2021-10,132074.0,4767440.0,1679.933,152.54,80752.78,2237.122
Italy,2021-11,133739.0,5015790.0,4206.651,163.83,84959.431,2265.324
Italy,2021-12,137247.0,5981428.0,16356.356,188.66,101315.788,2324.744
Italy,2022-01,146149.0,10925485.0,83744.388,217.54,185060.177,2475.529
Italy,2022-02,154560.0,12764558.0,31150.945,227.28,216211.121,2617.998
Italy,2022-03,159224.0,14567990.0,30547.241,230.33,246758.364,2696.999
Italy,2022-04,163377.0,16409183.0,31186.854,231.85,277945.218,2767.344
Italy,2022-05,166631.0,17396723.0,16727.344,233.52,294672.56,2822.462
Italy,2022-06,168294.0,18438877.0,17652.415,234.35,312324.976,2850.63
Italy,2022-07,172003.0,21002773.0,43428.282,236.59,355753.258,2913.455
Italy,2022-08,175505.0,21845943.0,14281.946,237.82,370035.204,2972.773
Italy,2022-09,177054.0,22432803.0,9940.465,238.55,379975.67,2999.011
Italy,2022-10,179154.0,23549523.0,18915.442,240.4,398891.114,3034.581
Italy,2022-11,181544.0,24414506.0,14651.42,241.95,413542.538,3075.064
Italy,2022-12,184792.0,25168438.0,12770.396999999999,242.91,426312.936,3130.08
Kosovo,2020-03,1.0,112.0,62.847,0.0,62.847,0.561
Kosovo,2020-04,17.0,799.0,385.494,0.0,448.344,9.539
Kosovo,2020-05,21.0,1064.0,148.7,0.0,597.043,11.784
Kosovo,2020-06,39.0,2756.0,949.434,0.0,1546.477,21.884
Kosovo,2020-07,202.0,8061.0,2976.8,0.0,4523.277,113.348
Kosovo,2020-08,506.0,13291.0,2934.717,0.0,7457.992,283.932
Kosovo,2020-09,615.0,15531.0,1256.932,0.0,8714.926,345.096
Kosovo,2020-10,668.0,19285.0,2106.483,0.0,10821.412,374.836
Kosovo,2020-11,995.0,39014.0,11070.554,0.0,21891.965,558.325
Kosovo,2020-12,1322.0,51101.0,6782.391,0.0,28674.356,741.815
Kosovo,2021-01,1482.0,59891.0,4932.342000000001,0.0,33606.698,831.596
Kosovo,2021-02,1585.0,68760.0,4976.671,0.0,38583.369,889.393
Kosovo,2021-03,1848.0,89464.0,11617.654,0.0,50201.025,1036.97
Kosovo,2021-04,2152.0,104943.0,8685.747,1.24,58886.772,1207.554
Kosovo,2021-05,2233.0,107362.0,1357.373,3.1,60244.148,1253.006
Kosovo,2021-06,2248.0,107706.0,193.029,10.05,60437.177,1261.423
Kosovo,2021-07,2256.0,108230.0,294.031,24.06,60731.21,1265.912
Kosovo,2021-08,2468.0,143621.0,19858.988,46.34,80590.198,1384.871
Kosovo,2021-09,2939.0,159984.0,9181.789,74.56,89771.984,1649.164
Kosovo,2021-10,2966.0,160706.0,405.137,87.89,90177.121,1664.315
Kosovo,2021-11,2973.0,161040.0,187.419,90.64,90364.539,1668.243
Kosovo,2021-12,2980.0,161399.0,201.447,93.91,90565.985,1672.17
Kosovo,2022-01,3002.0,204302.0,24074.206,99.72,114640.189,1684.515
Kosovo,2022-02,3103.0,226150.0,12259.591,101.71,126899.779,1741.19
Kosovo,2022-03,3122.0,227396.0,699.167,102.26,127598.948,1751.851
Kosovo,2022-04,3128.0,228009.0,343.973,102.48,127942.922,1755.218
Kosovo,2022-05,3129.0,228310.0,168.902,102.64,128111.822,1755.779
Kosovo,2022-06,3130.0,229007.0,391.11,102.72,128502.931,1756.34
Kosovo,2022-07,3160.0,253269.0,13614.163,102.93,142117.091,1773.174
Kosovo,2022-08,3184.0,271242.0,10085.210000000001,103.0,152202.299,1786.641
Kosovo,2022-09,3189.0,272015.0,433.754,103.04,152636.053,1789.447
Kosovo,2022-10,3192.0,272118.0,57.797000000000004,103.06,152693.85,1791.13
Kosovo,2022-11,3192.0,272166.0,26.931,103.07,152720.784,1791.13
Kosovo,2022-12,3192.0,272237.0,39.838,103.08,152760.624,1791.13
Latvia,2020-03,0.0,398.0,215.058,0.0,215.059,0.0
Latvia,2020-04,16.0,858.0,248.558,0.0,463.62,8.646
Latvia,2020-05,25.0,1066.0,112.38900000000001,0.0,576.013,13.509
Latvia,2020-06,30.0,1118.0,28.096,0.0,604.111,16.21
Latvia,2020-07,32.0,1231.0,61.055,0.0,665.17,17.291
Latvia,2020-08,34.0,1396.0,89.153,0.0,754.328,18.372
Latvia,2020-09,37.0,1824.0,231.268,0.0,985.598,19.993
Latvia,2020-10,71.0,5894.0,2199.223,0.0,3184.82,38.365
Latvia,2020-11,206.0,17075.0,6041.647,0.0,9226.468,111.312
Latvia,2020-12,635.0,40904.0,12875.991,0.13,22102.457,343.122
Latvia,2021-01,1195.0,66241.0,13690.835,1.31,35793.293,645.718
Latvia,2021-02,1618.0,86186.0,10777.27,3.46,46570.564,874.286
Latvia,2021-03,1899.0,102363.0,8741.233,7.71,55311.798,1026.124
Latvia,2021-04,2131.0,118558.0,8750.963,17.4,64062.758,1151.485
Latvia,2021-05,2376.0,133199.0,7911.258,41.33,71974.016,1283.87
Latvia,2021-06,2513.0,137429.0,2285.678,60.55,74259.694,1357.898
Latvia,2021-07,2556.0,138863.0,774.863,71.39,75034.555,1381.133
Latvia,2021-08,2578.0,142637.0,2039.278,79.79,77073.834,1393.021
Latvia,2021-09,2717.0,158291.0,8458.629,88.48,85532.466,1468.13
Latvia,2021-10,3250.0,219139.0,32879.187,105.88,118411.653,1756.136
Latvia,2021-11,4179.0,253659.0,18652.864,122.89,137064.519,2258.121
Latvia,2021-12,4570.0,276674.0,12436.143,138.09,149500.663,2469.397
Latvia,2022-01,4873.0,392764.0,62729.173,150.64,212229.839,2633.123
Latvia,2022-02,5224.0,653120.0,140683.23500000002,154.17,352913.078,2822.786
Latvia,2022-03,5601.0,799026.0,78840.237,155.41,431753.315,3026.498
Latvia,2022-04,5765.0,822498.0,12683.083,155.91,444436.399,3115.115
Latvia,2022-05,5824.0,828614.0,3304.777,156.22,447741.177,3146.996
Latvia,2022-06,5860.0,835797.0,3881.333,156.41,451622.508,3166.448
Latvia,2022-07,5896.0,864051.0,15267.036,156.47,466889.543,3185.901
Latvia,2022-08,5946.0,899133.0,18956.541,156.47,485846.085,3212.918
Latvia,2022-09,5994.0,930254.0,16816.218,156.47,502662.302,3238.855
Latvia,2022-10,6053.0,952099.0,11803.934,156.47,514466.237,3270.736
Latvia,2022-11,6096.0,964039.0,6451.773999999999,156.47,520918.011,3293.971
Latvia,2022-12,6165.0,974216.0,5499.136,156.47,526417.148,3331.255
Lithuania,2020-03,4.0,352.0,137.09,0.0,127.997,1.455
Lithuania,2020-04,32.0,1310.0,348.354,0.0,476.354,11.636
Lithuania,2020-05,54.0,1605.0,107.273,0.0,583.624,19.636
Lithuania,2020-06,61.0,1747.0,51.635999999999996,0.0,635.259,22.181
Lithuania,2020-07,63.0,2015.0,97.455,0.0,732.712,22.909
Lithuania,2020-08,69.0,2864.0,308.719,0.0,1041.433,25.09
Lithuania,2020-09,77.0,4758.0,688.712,0.0,1730.145,27.999
Lithuania,2020-10,152.0,15698.0,3978.0969999999998,0.0,5708.243,55.272
Lithuania,2020-11,619.0,62497.0,17017.458,0.0,22725.703,225.086
Lithuania,2020-12,1800.0,145051.0,30019.006,0.35,52744.706,654.532
Lithuania,2021-01,2822.0,184447.0,14325.515,3.45,67070.222,1026.16
Lithuania,2021-02,3258.0,199162.0,5350.799,8.76,72421.018,1184.702
Lithuania,2021-03,3576.0,216120.0,6166.415,19.0,78587.433,1300.336
Lithuania,2021-04,3931.0,247457.0,11395.029,36.03,89982.466,1429.424
Lithuania,2021-05,4275.0,274757.0,9927.063,58.69,99909.529,1554.513
Lithuania,2021-06,4384.0,279153.0,1598.51,81.69,101508.041,1594.148
Lithuania,2021-07,4409.0,283197.0,1470.512,93.94,102978.555,1603.239
Lithuania,2021-08,4560.0,299460.0,5913.695,109.11,108892.249,1658.147
Lithuania,2021-09,4998.0,332552.0,12033.201000000001,117.35,120925.45,1817.416
Lithuania,2021-10,5888.0,410808.0,28456.129,123.51,149381.577,2141.046
Lithuania,2021-11,6755.0,473716.0,22875.153,134.73,172256.731,2456.312
Lithuania,2021-12,7397.0,524426.0,18439.611,150.25,190696.342,2689.761
Lithuania,2022-01,7889.0,705157.0,65718.979,160.55,256415.319,2868.667
Lithuania,2022-02,8426.0,965871.0,94803.094,161.86,351218.411,3063.935
Lithuania,2022-03,8885.0,1110802.0,52701.068999999996,162.46,403919.481,3230.841
Lithuania,2022-04,9098.0,1149992.0,14250.609,162.87,418170.09,3308.294
Lithuania,2022-05,9146.0,1154915.0,1790.143,163.11,419960.234,3325.748
Lithuania,2022-06,9171.0,1161169.0,2274.132,163.23,422234.367,3334.839
Lithuania,2022-07,9208.0,1183600.0,8156.555,163.38,430390.923,3348.293
Lithuania,2022-08,9289.0,1218424.0,12663.006,163.55,443053.928,3377.747
Lithuania,2022-09,9320.0,1250432.0,11639.026,163.73,454692.956,3389.019
Lithuania,2022-10,9395.0,1268079.0,6416.957,164.28,461109.911,3416.292
Lithuania,2022-11,9433.0,1276178.0,2945.027,164.85,464054.94,3430.109
Lithuania,2022-12,9482.0,1288421.0,4451.906,165.09,468506.846,3447.927
Luxembourg,2020-03,21.0,1812.0,2798.018,0.0,2798.019,32.427
Luxembourg,2020-04,89.0,3040.0,1896.227,0.0,4694.248,137.43
Luxembourg,2020-05,110.0,3209.0,260.96,0.0,4955.212,169.858
Luxembourg,2020-06,110.0,3416.0,319.639,0.0,5274.853,169.858
Luxembourg,2020-07,114.0,5410.0,3079.055,0.0,8353.909,176.034
Luxembourg,2020-08,124.0,6664.0,1936.376,0.0,10290.287,191.476
Luxembourg,2020-09,125.0,8415.0,2703.827,0.0,12994.112,193.02
Luxembourg,2020-10,152.0,17106.0,13420.302,0.0,26414.413,234.712
Luxembourg,2020-11,325.0,34476.0,26822.072,0.0,53236.484,501.852
Luxembourg,2020-12,502.0,46334.0,18310.655,0.19,71547.141,775.169
Luxembourg,2021-01,585.0,50446.0,6349.59,1.92,77896.73,903.334
Luxembourg,2021-02,640.0,55230.0,7387.263,5.84,85283.994,988.263
Luxembourg,2021-03,750.0,61256.0,9305.116,14.78,94589.107,1158.121
Luxembourg,2021-04,796.0,67007.0,8880.467,30.31,103469.575,1229.152
Luxembourg,2021-05,816.0,69932.0,4516.67,54.23,107986.245,1260.035
Luxembourg,2021-06,819.0,70695.0,1178.194,85.23,109164.439,1264.668
Luxembourg,2021-07,823.0,73870.0,4902.707,109.7,114067.149,1270.844
Luxembourg,2021-08,830.0,75671.0,2781.031,117.83,116848.183,1281.653
Luxembourg,2021-09,835.0,78129.0,3795.546,121.91,120643.73,1289.374
Luxembourg,2021-10,844.0,81901.0,5824.575,128.44,126468.304,1303.272
Luxembourg,2021-11,874.0,89010.0,10977.439,141.21,137445.742,1349.596
Luxembourg,2021-12,915.0,102487.0,20810.654,166.23,158256.396,1412.907
Luxembourg,2022-01,951.0,157852.0,85492.456,190.13,243748.852,1468.497
Luxembourg,2022-02,992.0,183148.0,39061.087999999996,196.04,282809.94,1531.807
Luxembourg,2022-03,1036.0,214105.0,47802.581,197.86,330612.522,1599.75
Luxembourg,2022-04,1064.0,237868.0,36693.889,198.82,367306.412,1642.987
Luxembourg,2022-05,1078.0,247949.0,15566.684,200.37,382873.096,1664.605
Luxembourg,2022-06,1094.0,263404.0,23865.0,201.41,406738.1,1689.312
Luxembourg,2022-07,1112.0,282770.0,29904.219,205.1,436642.315,1717.107
Luxembourg,2022-08,1123.0,286860.0,6315.616,207.29,442957.932,1734.092
Luxembourg,2022-09,1130.0,291758.0,7563.3,208.26,450521.231,1744.902
Luxembourg,2022-10,1146.0,302577.0,16706.274,209.96,467227.506,1769.608
Luxembourg,2022-11,1163.0,306843.0,6587.391,211.11,473814.895,1795.859
Luxembourg,2022-12,1190.0,312920.0,9383.864,211.74,483198.76,1837.551
Moldova,2020-03,3.0,353.0,107.85300000000001,0.0,107.852,0.917
Moldova,2020-04,116.0,3771.0,1044.304,0.0,1152.156,35.442
Moldova,2020-05,296.0,8098.0,1322.031,0.0,2474.188,90.437
Moldova,2020-06,545.0,16357.0,2523.377,0.0,4997.566,166.514
Moldova,2020-07,776.0,24343.0,2439.969,0.0,7437.535,237.092
Moldova,2020-08,997.0,36700.0,3775.442,0.0,11212.978,304.614
Moldova,2020-09,1319.0,52029.0,4683.48,0.0,15896.459,402.995
Moldova,2020-10,1792.0,75201.0,7079.757,0.0,22976.218,547.511
Moldova,2020-11,2367.0,107017.0,9720.762999999999,0.0,32696.984,723.191
Moldova,2020-12,3110.0,143841.0,11250.864,0.0,43947.848,950.201
Moldova,2021-01,3621.0,159513.0,4788.281,0.0,48736.126,1106.327
Moldova,2021-02,4183.0,184856.0,7743.066,0.0,56479.192,1278.035
Moldova,2021-03,5346.0,228370.0,13294.865,1.23,69774.057,1633.367
Moldova,2021-04,6293.0,250508.0,6763.841,4.5,76537.897,1922.705
Moldova,2021-05,6647.0,255145.0,1416.747,12.73,77954.643,2030.863
Moldova,2021-06,6739.0,256669.0,465.629,22.21,78420.272,2058.972
Moldova,2021-07,6810.0,259356.0,820.96,31.86,79241.233,2080.664
Moldova,2021-08,6966.0,267204.0,2397.805,33.3,81639.038,2128.327
Moldova,2021-09,7328.0,292839.0,7832.281,42.82,89471.319,2238.929
Moldova,2021-10,8330.0,337115.0,13527.679,46.46,102998.998,2545.071
Moldova,2021-11,9669.0,363110.0,7942.272,49.66,110941.27,2954.177
Moldova,2021-12,10269.0,375780.0,3871.075,54.28,114812.345,3137.495
Moldova,2022-01,10642.0,440698.0,19834.448,59.02,134646.79,3251.458
Moldova,2022-02,11216.0,501800.0,18668.538,63.15,153315.329,3426.833
Moldova,2022-03,11431.0,513442.0,3556.989,64.93,156872.318,3492.522
Moldova,2022-04,11492.0,517206.0,1150.017,65.51,158022.336,3511.159
Moldova,2022-05,11544.0,518967.0,538.039,65.63,158560.376,3527.047
Moldova,2022-06,11567.0,520168.0,366.942,66.17,158927.318,3534.074
Moldova,2022-07,11608.0,532187.0,3672.174,66.17,162599.492,3546.601
Moldova,2022-08,11755.0,575052.0,13096.576000000001,68.11,175696.068,3591.514
Moldova,2022-09,11844.0,589437.0,4395.06,68.49,180091.128,3618.706
Moldova,2022-10,11894.0,593723.0,1309.504,68.49,181400.632,3633.983
Moldova,2022-11,11918.0,594980.0,384.052,68.97,181784.685,3641.315
Moldova,2022-12,11933.0,596458.0,451.575,69.24,182236.259,3645.898
Montenegro,2020-03,2.0,91.0,154.683,0.0,145.117,3.189
Montenegro,2020-04,7.0,321.0,366.776,0.0,511.895,11.163
Montenegro,2020-05,9.0,324.0,4.785,0.0,516.679,14.352
Montenegro,2020-06,12.0,498.0,277.477,0.0,794.155,19.136
Montenegro,2020-07,47.0,3061.0,4087.185,0.0,4881.339,74.95
Montenegro,2020-08,96.0,4775.0,2733.297,0.0,7614.634,153.09
Montenegro,2020-09,163.0,10938.0,9828.062,0.0,17442.695,259.934
Montenegro,2020-10,290.0,18455.0,11987.269,0.0,29429.963,462.459
Montenegro,2020-11,480.0,34772.0,26020.52,0.0,55450.483,765.45
Montenegro,2020-12,677.0,47668.0,20565.094,0.0,76015.577,1079.604
Montenegro,2021-01,800.0,61183.0,21552.203,0.0,97567.782,1275.75
Montenegro,2021-02,994.0,75341.0,22577.59,0.21,120145.372,1585.12
Montenegro,2021-03,1256.0,90837.0,24711.282,3.57,144856.654,2002.928
Montenegro,2021-04,1485.0,97260.0,10242.68,9.85,155099.333,2368.111
Montenegro,2021-05,1583.0,99607.0,3742.733,33.6,158842.065,2524.391
Montenegro,2021-06,1609.0,100230.0,993.492,46.06,159835.556,2565.853
Montenegro,2021-07,1629.0,101786.0,2481.334,52.62,162316.89,2597.746
Montenegro,2021-08,1716.0,114805.0,20761.241,62.9,183078.13,2736.484
Montenegro,2021-09,1914.0,131044.0,25896.135,72.56,208974.265,3052.232
Montenegro,2021-10,2095.0,143814.0,20364.161,79.86,229338.428,3340.871
Montenegro,2021-11,2293.0,157103.0,21191.807,84.56,250530.234,3656.619
Montenegro,2021-12,2401.0,168338.0,17916.319,101.19,268446.551,3828.845
Montenegro,2022-01,2552.0,219366.0,81373.727,104.29,349820.279,4069.643
Montenegro,2022-02,2674.0,230142.0,17184.356,105.78,367004.634,4264.195
Montenegro,2022-03,2700.0,233016.0,4583.131,106.61,371587.767,4305.657
Montenegro,2022-04,2714.0,235148.0,3399.872,107.14,374987.641,4327.983
Montenegro,2022-05,2720.0,237144.0,3182.997,107.45,378170.638,4337.551
Montenegro,2022-06,2728.0,239984.0,4528.9130000000005,107.67,382699.551,4350.308
Montenegro,2022-07,2743.0,258554.0,29613.354,107.98,412312.903,4374.229
Montenegro,2022-08,2772.0,275279.0,26671.152,108.31,438984.056,4420.475
Montenegro,2022-09,2781.0,279963.0,7469.516,108.31,446453.574,4434.827
Montenegro,2022-10,2785.0,282722.0,4399.744,108.31,450853.317,4441.205
Montenegro,2022-11,2789.0,283691.0,1545.253,108.31,452398.57,4447.584
Montenegro,2022-12,2791.0,284718.0,1637.7440000000001,108.31,454036.314,4450.774
Netherlands,2020-03,846.0,11615.0,661.239,0.0,661.295,48.167
Netherlands,2020-04,4683.0,38552.0,1533.644,0.0,2194.942,266.625
Netherlands,2020-05,5918.0,46020.0,425.185,0.0,2620.129,336.939
Netherlands,2020-06,6079.0,49990.0,226.031,0.0,2846.159,346.105
Netherlands,2020-07,6143.0,53890.0,222.046,0.0,3068.204,349.749
Netherlands,2020-08,6218.0,70044.0,919.721,0.0,3987.925,354.019
Netherlands,2020-09,6391.0,117291.0,2689.985,0.0,6677.913,363.869
Netherlands,2020-10,7343.0,340362.0,12700.455,0.0,19378.366,418.071
Netherlands,2020-11,9328.0,517525.0,10086.701,0.0,29465.066,531.086
Netherlands,2020-12,11296.0,785874.0,15278.337,0.0,44743.402,643.133
Netherlands,2021-01,13940.0,973895.0,10704.895,1.82,55448.297,793.668
Netherlands,2021-02,15537.0,1083106.0,6217.881,7.04,61666.179,884.592
Netherlands,2021-03,16500.0,1264061.0,10302.596,12.49,71968.775,939.42
Netherlands,2021-04,17117.0,1487632.0,12728.918,29.23,84697.694,974.549
Netherlands,2021-05,17619.0,1646457.0,9042.634,50.27,93740.328,1003.13
Netherlands,2021-06,17742.0,1683964.0,2135.445,81.01,95875.773,1010.133
Netherlands,2021-07,17818.0,1862008.0,10136.857,113.11,106012.633,1014.46
Netherlands,2021-08,17996.0,1938327.0,4345.19,124.95,110357.822,1024.595
Netherlands,2021-09,18166.0,2001017.0,3569.227,128.26,113927.051,1034.273
Netherlands,2021-10,18396.0,2123502.0,6973.633,131.25,120900.682,1047.368
Netherlands,2021-11,19346.0,2619864.0,28260.161,134.76,149160.841,1101.456
Netherlands,2021-12,20885.0,3114894.0,28184.323,162.32,177345.164,1189.079
Netherlands,2022-01,21259.0,4309846.0,68034.083,183.84,245379.247,1210.372
Netherlands,2022-02,21545.0,6332372.0,115151.657,186.61,360530.904,1226.655
Netherlands,2022-03,21955.0,7833331.0,85456.461,191.85,445987.365,1249.999
Netherlands,2022-04,22241.0,8046865.0,12157.47,198.86,458144.832,1266.282
Netherlands,2022-05,22317.0,8084492.0,2142.275,200.42,460287.11,1270.609
Netherlands,2022-06,22368.0,8177629.0,5302.716,201.97,465589.825,1273.513
Netherlands,2022-07,22491.0,8334163.0,8912.194,204.72,474502.022,1280.516
Netherlands,2022-08,22600.0,8385054.0,2897.458,205.48,477399.479,1286.721
Netherlands,2022-09,22649.0,8427745.0,2430.591,205.56,479830.073,1289.511
Netherlands,2022-10,22819.0,8514554.0,4942.437,205.56,484772.507,1299.19
Netherlands,2022-11,22910.0,8541973.0,1561.088,205.56,486333.596,1304.371
Netherlands,2022-12,22990.0,8569181.0,1549.076,205.56,487882.672,1308.926
North Macedonia,2020-03,9.0,329.0,156.66899999999998,0.0,157.145,4.299
North Macedonia,2020-04,77.0,1465.0,542.606,0.0,699.75,36.779
North Macedonia,2020-05,133.0,2226.0,363.48900000000003,0.0,1063.237,63.527
North Macedonia,2020-06,302.0,6334.0,1962.162,0.0,3025.402,144.249
North Macedonia,2020-07,486.0,10753.0,2110.71,0.0,5136.114,232.135
North Macedonia,2020-08,603.0,14340.0,1713.311,0.0,6849.426,288.02
North Macedonia,2020-09,739.0,17976.0,1736.715,0.0,8586.143,352.98
North Macedonia,2020-10,994.0,31571.0,6493.5779999999995,0.0,15079.724,474.779
North Macedonia,2020-11,1763.0,61876.0,14475.026,0.0,29554.749,842.088
North Macedonia,2020-12,2503.0,83329.0,10246.913,0.0,39801.663,1195.545
North Macedonia,2021-01,2855.0,92692.0,4472.189,0.0,44273.851,1363.676
North Macedonia,2021-02,3137.0,102786.0,4821.346,0.0,49095.197,1498.372
North Macedonia,2021-03,3781.0,130022.0,13009.135,0.37,62104.331,1805.975
North Macedonia,2021-04,4855.0,152367.0,10672.971,2.94,72777.304,2318.965
North Macedonia,2021-05,5413.0,155277.0,1389.946,15.08,74167.25,2585.491
North Macedonia,2021-06,5484.0,155684.0,194.404,25.92,74361.652,2619.404
North Macedonia,2021-07,5493.0,156380.0,332.44,43.21,74694.092,2623.703
North Macedonia,2021-08,5938.0,176493.0,9606.87,59.88,84300.962,2836.255
North Macedonia,2021-09,6676.0,191408.0,7124.075,72.31,91425.034,3188.757
North Macedonia,2021-10,7134.0,202552.0,5322.873,76.71,96747.908,3407.518
North Macedonia,2021-11,7585.0,215585.0,6225.148,80.93,102973.052,3622.936
North Macedonia,2021-12,7964.0,225049.0,4520.433,83.83,107493.483,3803.963
North Macedonia,2022-01,8409.0,268901.0,20945.678,86.2,128439.162,4016.515
North Macedonia,2022-02,9011.0,297262.0,13546.486,87.24,141985.646,4304.057
North Macedonia,2022-03,9224.0,305977.0,4162.676,87.85,146148.32,4405.796
North Macedonia,2022-04,9282.0,309571.0,1716.655,87.97,147864.976,4433.499
North Macedonia,2022-05,9305.0,311936.0,1129.631,87.97,148994.605,4444.485
North Macedonia,2022-06,9327.0,314018.0,994.4549999999999,88.37,149989.062,4454.993
North Macedonia,2022-07,9370.0,327009.0,6205.086,88.73,156194.145,4475.532
North Macedonia,2022-08,9493.0,340341.0,6367.96,88.86,162562.106,4534.282
North Macedonia,2022-09,9538.0,342961.0,1251.428,88.92,163813.535,4555.776
North Macedonia,2022-10,9564.0,344146.0,566.009,88.94,164379.544,4568.195
North Macedonia,2022-11,9591.0,344872.0,346.769,88.96,164726.314,4581.091
North Macedonia,2022-12,9614.0,345603.0,349.158,88.97,165075.473,4592.077
Norway,2020-03,26.0,4899.0,898.735,0.0,901.492,4.784
Norway,2020-04,202.0,7748.0,524.261,0.0,1425.752,37.171
Norway,2020-05,236.0,8434.0,126.231,0.0,1551.987,43.428
Norway,2020-06,250.0,8885.0,82.985,0.0,1634.978,46.004
Norway,2020-07,255.0,9238.0,64.953,0.0,1699.935,46.924
Norway,2020-08,264.0,10816.0,290.379,0.0,1990.312,48.58
Norway,2020-09,274.0,14063.0,597.5,0.0,2587.81,50.42
Norway,2020-10,282.0,20799.0,1239.528,0.0,3827.339,51.892
Norway,2020-11,332.0,36227.0,2838.99,0.0,6666.331,61.093
Norway,2020-12,436.0,49785.0,2494.8849999999998,0.04,9161.213,80.231
Norway,2021-01,563.0,63213.0,2470.959,2.45,11632.174,103.601
Norway,2021-02,622.0,71728.0,1566.892,9.48,13199.066,114.458
Norway,2021-03,673.0,96185.0,4500.466,18.56,17699.534,123.842
Norway,2021-04,756.0,113182.0,3127.7110000000002,33.12,20827.245,139.116
Norway,2021-05,783.0,125370.0,2242.78,50.0,23070.027,144.084
Norway,2021-06,795.0,131418.0,1112.925,78.33,24182.953,146.292
Norway,2021-07,813.0,137935.0,1199.231,100.45,25382.182,149.605
Norway,2021-08,852.0,160258.0,4107.779,128.85,29489.96,156.781
Norway,2021-09,897.0,189353.0,5353.93,145.01,34843.892,165.062
Norway,2021-10,949.0,207461.0,3332.156,148.6,38176.045,174.631
Norway,2021-11,1155.0,267684.0,11081.969000000001,160.26,49258.013,212.538
Norway,2021-12,1394.0,394909.0,23411.375,180.14,72669.388,256.518
Norway,2022-01,1565.0,778600.0,70605.1,203.13,143274.49,287.984
Norway,2022-02,1880.0,1247709.0,86323.342,207.32,229597.83,345.949
Norway,2022-03,2600.0,1405969.0,29122.299,208.19,258720.128,478.44
Norway,2022-04,3000.0,1426307.0,3742.507,208.62,262462.636,552.047
Norway,2022-05,3218.0,1433773.0,1373.858,209.28,263836.496,592.162
Norway,2022-06,3398.0,1447386.0,2505.008,210.08,266341.499,625.285
Norway,2022-07,3760.0,1455973.0,1580.141,211.84,267921.64,691.898
Norway,2022-08,4046.0,1460149.0,768.448,216.13,268690.089,744.527
Norway,2022-09,4163.0,1462415.0,416.98,220.61,269107.068,766.057
Norway,2022-10,4295.0,1464933.0,463.348,222.79,269570.419,790.347
Norway,2022-11,4498.0,1469081.0,763.295,223.5,270333.716,827.702
Norway,2022-12,4833.0,1475149.0,1116.606,223.5,271450.322,889.347
Poland,2020-03,31.0,2055.0,51.558,0.0,51.559,0.778
Poland,2020-04,622.0,12640.0,265.574,0.0,317.133,15.606
Poland,2020-05,1060.0,23571.0,274.255,0.0,591.387,26.595
Poland,2020-06,1444.0,34154.0,265.523,0.0,856.91,36.229
Poland,2020-07,1709.0,45031.0,272.898,0.0,1129.81,42.878
Poland,2020-08,2033.0,66870.0,547.931,0.0,1677.742,51.007
Poland,2020-09,2482.0,89962.0,579.37,0.0,2257.111,62.272
Poland,2020-10,5351.0,342834.0,6344.458,0.0,8601.57,134.254
Poland,2020-11,17182.0,992968.0,16311.603000000001,0.0,24913.175,431.09
Poland,2020-12,28642.0,1297400.0,7638.076,0.12,32551.254,718.616
Poland,2021-01,37258.0,1515547.0,5473.2210000000005,2.95,38024.476,934.789
Poland,2021-02,43839.0,1709156.0,4857.573,8.37,42882.049,1099.903
Poland,2021-03,53059.0,2322783.0,15395.658,15.73,58277.708,1331.229
Poland,2021-04,67507.0,2793083.0,11799.641,28.78,70077.349,1693.724
Poland,2021-05,73767.0,2873674.0,2021.9950000000001,50.39,72099.346,1850.785
Poland,2021-06,75043.0,2881216.0,189.226,73.37,72288.571,1882.799
Poland,2021-07,75279.0,2884260.0,76.373,86.38,72364.944,1888.72
Poland,2021-08,75363.0,2890047.0,145.196,91.04,72510.138,1890.828
Poland,2021-09,75665.0,2908456.0,461.874,93.37,72972.012,1898.405
Poland,2021-10,77014.0,3026589.0,2963.91,98.01,75935.923,1932.251
Poland,2021-11,83591.0,3541033.0,12907.197,104.56,88843.119,2097.265
Poland,2021-12,97058.0,4109201.0,14255.111,117.89,103098.23,2435.147
Poland,2022-01,105198.0,4887045.0,19515.799,129.61,122614.029,2639.376
Poland,2022-02,111318.0,5666434.0,19554.561999999998,133.79,142168.591,2792.925
Poland,2022-03,115172.0,5962373.0,7424.992,135.33,149593.584,2889.62
Poland,2022-04,116058.0,5996039.0,844.6659999999999,136.16,150438.25,2911.849
Poland,2022-05,116318.0,6007125.0,278.144,136.76,150716.394,2918.373
Poland,2022-06,116422.0,6014543.0,186.116,136.99,150902.508,2920.982
Poland,2022-07,116568.0,6069287.0,1373.506,137.94,152276.014,2924.645
Poland,2022-08,117091.0,6176606.0,2692.591,140.94,154968.605,2937.767
Poland,2022-09,117568.0,6293380.0,2929.8140000000003,142.56,157898.418,2949.735
Poland,2022-10,118123.0,6340318.0,1177.657,144.02,159076.074,2963.659
Poland,2022-11,118318.0,6352647.0,309.331,144.66,159385.404,2968.552
Poland,2022-12,118533.0,6368388.0,394.937,144.98,159780.34,2973.946
Portugal,2020-03,150.0,5451.0,531.017,0.0,530.725,14.604
Portugal,2020-04,1053.0,23271.0,1735.0049999999999,0.0,2265.731,102.523
Portugal,2020-05,1413.0,32453.0,893.985,0.0,3159.717,137.574
Portugal,2020-06,1571.0,42083.0,937.605,0.0,4097.321,152.957
Portugal,2020-07,1732.0,51630.0,929.523,0.0,5026.844,168.632
Portugal,2020-08,1824.0,59121.0,729.345,0.0,5756.19,177.59
Portugal,2020-09,1969.0,75693.0,1613.498,0.0,7369.687,191.707
Portugal,2020-10,2479.0,132919.0,5571.688,0.0,12941.374,241.363
Portugal,2020-11,4437.0,274360.0,13771.1,0.0,26712.474,431.999
Portugal,2020-12,6842.0,386664.0,10934.24,0.0,37646.712,666.157
Portugal,2021-01,12212.0,672268.0,27807.224,3.73,65453.934,1188.995
Portugal,2021-02,16268.0,774881.0,9990.695,9.19,75444.629,1583.899
Portugal,2021-03,16836.0,802926.0,2730.54,17.05,78175.171,1639.201
Portugal,2021-04,16965.0,821202.0,1779.406,34.84,79954.574,1651.761
Portugal,2021-05,17013.0,836878.0,1526.265,57.29,81480.835,1656.434
Portugal,2021-06,17084.0,866135.0,2848.545,83.34,84329.38,1663.347
Portugal,2021-07,17339.0,959858.0,9125.14,121.92,93454.519,1688.175
Portugal,2021-08,17722.0,1031053.0,6931.749,145.0,100386.268,1725.465
Portugal,2021-09,17959.0,1067426.0,3541.381,157.41,103927.647,1748.54
Portugal,2021-10,18148.0,1090301.0,2227.176,162.76,106154.822,1766.941
Portugal,2021-11,18430.0,1143433.0,5173.085,173.44,111327.906,1794.397
Portugal,2021-12,18937.0,1356430.0,20738.0,194.36,132065.903,1843.76
Portugal,2022-01,19869.0,2676574.0,128532.994,217.68,260598.896,1934.503
Portugal,2022-02,21046.0,3364883.0,67015.732,229.93,327614.628,2049.099
Portugal,2022-03,21708.0,3721515.0,34722.712,231.58,362337.34,2113.553
Portugal,2022-04,22299.0,4009608.0,28049.557,232.99,390386.898,2171.094
Portugal,2022-05,23136.0,4664149.0,63727.985,235.63,454114.881,2252.587
Portugal,2022-06,24158.0,5149453.0,47250.584,240.49,501365.465,2352.092
Portugal,2022-07,24649.0,5329401.0,17520.254,242.35,518885.717,2399.897
Portugal,2022-08,24884.0,5407184.0,7573.1759999999995,242.9,526458.892,2422.777
Portugal,2022-09,25062.0,5482663.0,7348.849,249.63,533807.744,2440.108
Portugal,2022-10,25290.0,5516876.0,3331.075,259.17,537138.819,2462.307
Portugal,2022-11,25522.0,5540641.0,2313.829,266.66,539452.647,2484.895
Portugal,2022-12,25808.0,5554758.0,1374.471,272.52,540827.119,2512.741
Romania,2020-03,65.0,1952.0,99.09,0.0,99.292,3.306
Romania,2020-04,693.0,11978.0,509.991,0.0,609.28,35.251
Romania,2020-05,1259.0,19133.0,363.952,0.0,973.23,64.041
Romania,2020-06,1634.0,26582.0,378.903,0.0,1352.136,83.116
Romania,2020-07,2304.0,49591.0,1170.39,0.0,2522.525,117.197
Romania,2020-08,3578.0,86785.0,1891.931,0.0,4414.457,182.001
Romania,2020-09,4792.0,125414.0,1964.924,0.0,6379.382,243.753
Romania,2020-10,6867.0,235586.0,5604.074,0.0,11983.456,349.301
Romania,2020-11,11193.0,471536.0,12001.972,0.0,23985.428,569.35
Romania,2020-12,15596.0,627941.0,7955.789,0.05,31941.217,793.315
Romania,2021-01,18264.0,726918.0,5034.624,3.52,36975.839,929.027
Romania,2021-02,20287.0,799164.0,3674.908,7.75,40650.746,1031.93
Romania,2021-03,23409.0,946647.0,7501.9580000000005,15.67,48152.704,1190.736
Romania,2021-04,27971.0,1053629.0,5441.808,26.61,53594.513,1422.789
Romania,2021-05,30276.0,1077584.0,1218.51,40.01,54813.022,1540.037
Romania,2021-06,33605.0,1080740.0,160.535,45.55,54973.557,1709.372
Romania,2021-07,34278.0,1083033.0,116.636,47.88,55090.194,1743.605
Romania,2021-08,34539.0,1097452.0,733.448,49.68,55823.639,1756.881
Romania,2021-09,36865.0,1221636.0,6316.818,52.06,62140.456,1875.197
Romania,2021-10,47324.0,1640607.0,21311.627,64.48,83452.081,2407.21
Romania,2021-11,56382.0,1778045.0,6991.004,75.84,90443.084,2867.96
Romania,2021-12,58714.0,1807223.0,1484.182,80.5,91927.269,2986.581
Romania,2022-01,59984.0,2196394.0,19795.802,83.58,111723.07,3051.181
Romania,2022-02,63353.0,2728727.0,27077.964,84.83,138801.034,3222.551
Romania,2022-03,64994.0,2850598.0,6199.162,85.15,145000.196,3306.023
Romania,2022-04,65478.0,2892989.0,2156.2799999999997,85.34,147156.481,3330.642
Romania,2022-05,65678.0,2908704.0,799.37,85.53,147955.85,3340.816
Romania,2022-06,65739.0,2919461.0,547.174,85.6,148503.022,3343.919
Romania,2022-07,65983.0,3059568.0,7126.763,85.6,155629.787,3356.33
Romania,2022-08,66673.0,3216257.0,7970.232,85.6,163600.022,3391.428
Romania,2022-09,67016.0,3267370.0,2599.944,85.6,166199.966,3408.875
Romania,2022-10,67186.0,3286394.0,967.685,85.6,167167.652,3417.523
Romania,2022-11,67276.0,3296834.0,531.05,85.6,167698.699,3422.101
Romania,2022-12,67374.0,3308480.0,592.392,85.6,168291.091,3427.086
Russia,2020-03,17.0,2337.0,16.136,0.0,16.149,0.117
Russia,2020-04,1073.0,106498.0,719.775,0.0,735.924,7.415
Russia,2020-05,4693.0,405843.0,2068.535,0.0,2804.462,32.43
Russia,2020-06,9320.0,647849.0,1672.313,0.0,4476.775,64.403
Russia,2020-07,13963.0,839981.0,1327.671,0.0,5804.449,96.487
Russia,2020-08,17176.0,995319.0,1073.419,0.0,6877.868,118.69
Russia,2020-09,20722.0,1176286.0,1250.522,0.0,8128.388,143.193
Russia,2020-10,27990.0,1618116.0,3053.138,0.0,11181.528,193.417
Russia,2020-11,39895.0,2295654.0,4681.934,0.0,15863.461,275.683
Russia,2020-12,57019.0,3159297.0,5967.96,0.04,21831.419,394.014
Russia,2021-01,73182.0,3850439.0,4775.94,0.69,26607.359,505.703
Russia,2021-02,86122.0,4246079.0,2733.957,0.69,29341.316,595.121
Russia,2021-03,98850.0,4545095.0,2066.264,7.86,31407.581,683.075
Russia,2021-04,110128.0,4805288.0,1797.987,13.71,33205.57,761.008
Russia,2021-05,121501.0,5071917.0,1842.461,19.7,35048.033,839.598
Russia,2021-06,135214.0,5514599.0,3059.027,27.66,38107.061,934.358
Russia,2021-07,158563.0,6265873.0,5191.465,42.78,43298.525,1095.704
Russia,2021-08,183224.0,6918965.0,4513.006,55.45,47811.531,1266.117
Russia,2021-09,207255.0,7511026.0,4091.268,62.4,51902.799,1432.176
Russia,2021-10,238538.0,8513790.0,6929.311,72.19,58832.114,1648.349
Russia,2021-11,275193.0,9636881.0,7760.8,87.63,66592.913,1901.643
Russia,2021-12,308860.0,10499982.0,5964.213,101.14,72557.126,2134.289
Russia,2022-01,331349.0,11861077.0,9405.458,106.68,81962.584,2289.693
Russia,2022-02,351660.0,16398036.0,31351.36,111.13,113313.943,2430.046
Russia,2022-03,368722.0,17842925.0,9984.492,113.07,123298.436,2547.948
Russia,2022-04,375884.0,18182354.0,2345.527,114.98,125643.963,2597.439
Russia,2022-05,379117.0,18331363.0,1029.683,115.49,126673.647,2619.78
Russia,2022-06,381112.0,18430239.0,683.252,116.74,127356.901,2633.566
Russia,2022-07,382433.0,18601719.0,1184.963,117.69,128541.865,2642.694
Russia,2022-08,384346.0,19528969.0,6407.4980000000005,120.85,134949.361,2655.913
Russia,2022-09,387269.0,20985756.0,10066.711,123.08,145016.072,2676.112
Russia,2022-10,390175.0,21429506.0,3066.407,124.63,148082.479,2696.193
Russia,2022-11,392002.0,21590828.0,1114.77,125.69,149197.249,2708.818
Russia,2022-12,393712.0,21798509.0,1435.123,127.07,150632.369,2720.634
Serbia,2020-03,16.0,785.0,114.24,0.0,114.239,2.328
Serbia,2020-04,173.0,8724.0,1155.344,0.0,1269.583,25.176
Serbia,2020-05,242.0,11381.0,386.664,0.0,1656.25,35.218
Serbia,2020-06,274.0,14288.0,423.049,0.0,2079.299,39.875
Serbia,2020-07,565.0,25213.0,1589.887,0.0,3669.188,82.223
Serbia,2020-08,711.0,31365.0,895.288,0.0,4564.474,103.47
Serbia,2020-09,749.0,33479.0,307.648,0.0,4872.12,109.0
Serbia,2020-10,814.0,45137.0,1696.561,0.0,6568.681,118.459
Serbia,2020-11,1549.0,169214.0,18056.634000000002,0.0,24625.314,225.422
Serbia,2020-12,3163.0,334991.0,24125.135,0.0,48750.449,460.304
Serbia,2021-01,4000.0,393897.0,8572.449,6.37,57322.9,582.111
Serbia,2021-02,4429.0,456450.0,9103.192000000001,20.91,66426.09,644.542
Serbia,2021-03,5270.0,595489.0,20234.017,35.57,86660.107,766.931
Serbia,2021-04,6337.0,687944.0,13454.759,51.15,100114.865,922.209
Serbia,2021-05,6854.0,712224.0,3533.409,66.26,103648.276,997.446
Serbia,2021-06,7043.0,716458.0,616.162,74.89,104264.44,1024.951
Serbia,2021-07,7112.0,721620.0,751.2139999999999,80.57,105015.654,1034.993
Serbia,2021-08,7278.0,759952.0,5578.368,85.61,110594.019,1059.15
Serbia,2021-09,8187.0,934440.0,25392.827,94.56,135986.845,1191.435
Serbia,2021-10,9890.0,1137820.0,29597.413,103.39,165584.256,1439.268
Serbia,2021-11,11637.0,1252573.0,16699.73,114.96,182283.989,1693.505
Serbia,2021-12,12688.0,1297147.0,6486.749,119.91,188770.738,1846.455
Serbia,2022-01,13570.0,1662446.0,53161.101,122.28,241931.839,1974.81
Serbia,2022-02,15199.0,1908272.0,35774.477,123.3,277706.316,2211.875
Serbia,2022-03,15788.0,1974652.0,9660.125,123.63,287366.44,2297.59
Serbia,2022-04,15984.0,2005832.0,4537.552,123.63,291903.992,2326.114
Serbia,2022-05,16080.0,2017189.0,1652.757,124.12,293556.749,2340.084
Serbia,2022-06,16125.0,2028482.0,1643.444,124.2,295200.193,2346.633
Serbia,2022-07,16271.0,2118673.0,13125.284,124.2,308325.476,2367.88
Serbia,2022-08,16672.0,2279485.0,23402.592,124.2,331728.066,2426.237
Serbia,2022-09,17000.0,2359530.0,11648.759,124.2,343376.826,2473.97
Serbia,2022-10,17235.0,2403249.0,6362.321,124.2,349739.149,2508.169
Serbia,2022-11,17382.0,2422813.0,2847.102,124.2,352586.252,2529.561
Serbia,2022-12,17515.0,2445479.0,3298.528,124.2,355884.781,2548.917
Slovakia,2020-03,1.0,363.0,64.32,0.0,64.322,0.177
Slovakia,2020-04,23.0,1396.0,183.04399999999998,0.0,247.366,4.076
Slovakia,2020-05,28.0,1521.0,22.149,0.0,269.516,4.961
Slovakia,2020-06,28.0,1667.0,25.871,0.0,295.386,4.961
Slovakia,2020-07,29.0,2292.0,110.749,0.0,406.134,5.139
Slovakia,2020-08,33.0,3917.0,287.944,0.0,694.078,5.847
Slovakia,2020-09,48.0,10141.0,1102.869,0.0,1796.949,8.505
Slovakia,2020-10,219.0,57664.0,8420.907,0.0,10217.854,38.806
Slovakia,2020-11,839.0,105929.0,8552.385,0.0,18770.239,148.668
Slovakia,2020-12,2138.0,179543.0,13044.135,0.0,31814.376,378.846
Slovakia,2021-01,4642.0,249913.0,12469.311,3.85,44283.688,822.546
Slovakia,2021-02,7189.0,308083.0,10307.513,9.68,54591.203,1273.865
Slovakia,2021-03,9719.0,361185.0,9409.486,18.1,64000.688,1722.172
Slovakia,2021-04,11684.0,382211.0,3725.7309999999998,28.93,67726.419,2070.363
Slovakia,2021-05,12343.0,389721.0,1330.745,49.83,69057.164,2187.135
Slovakia,2021-06,12510.0,391642.0,340.392,66.83,69397.559,2216.727
Slovakia,2021-07,12540.0,392647.0,178.083,75.93,69575.641,2222.043
Slovakia,2021-08,12548.0,394923.0,403.299,81.81,69978.94,2223.461
Slovakia,2021-09,12637.0,412507.0,3115.823,84.32,73094.762,2239.231
Slovakia,2021-10,13034.0,483773.0,12628.08,88.61,85722.842,2309.578
Slovakia,2021-11,14418.0,680084.0,34785.609,88.61,120508.447,2554.818
Slovakia,2021-12,16635.0,841733.0,28643.621,88.61,149152.071,2947.662
Slovakia,2022-01,17830.0,1008141.0,29486.898,99.85,178638.972,3159.412
Slovakia,2022-02,18485.0,1446922.0,77750.419,101.18,256389.393,3275.476
Slovakia,2022-03,19352.0,1710884.0,46773.121,101.55,303162.513,3429.105
Slovakia,2022-04,19905.0,1780955.0,12416.331,101.73,315578.843,3527.095
Slovakia,2022-05,20100.0,1789610.0,1533.632,101.84,317112.478,3561.648
Slovakia,2022-06,20147.0,1796017.0,1135.296,101.9,318247.776,3569.976
Slovakia,2022-07,20223.0,1817779.0,3856.149,101.96,322103.924,3583.443
Slovakia,2022-08,20353.0,1834215.0,2912.402,101.96,325016.324,3606.479
Slovakia,2022-09,20457.0,1843685.0,1678.048,101.96,326694.374,3624.907
Slovakia,2022-10,20606.0,1852589.0,1577.754,101.96,328272.131,3651.309
Slovakia,2022-11,20733.0,1855953.0,596.0889999999999,101.96,328868.22,3673.813
Slovakia,2022-12,20823.0,1859186.0,572.879,101.96,329441.096,3689.761
Slovenia,2020-03,18.0,805.0,379.745,0.0,379.745,8.491
Slovenia,2020-04,97.0,1429.0,294.362,0.0,674.107,45.758
Slovenia,2020-05,113.0,1473.0,20.757,0.0,694.863,53.306
Slovenia,2020-06,113.0,1599.0,59.436,0.0,754.301,53.306
Slovenia,2020-07,120.0,2157.0,263.228,0.0,1017.528,56.608
Slovenia,2020-08,132.0,2884.0,342.949,0.0,1360.478,62.269
Slovenia,2020-09,154.0,5691.0,1324.156,0.0,2684.633,72.647
Slovenia,2020-10,390.0,34315.0,13502.885,0.0,16187.52,183.976
Slovenia,2020-11,1566.0,75871.0,19603.339,0.0,35790.858,738.734
Slovenia,2020-12,2981.0,122262.0,21884.166,0.54,57675.026,1406.236
Slovenia,2021-01,3833.0,166573.0,20902.964,3.91,78577.989,1808.153
Slovenia,2021-02,4160.0,190179.0,11135.733,8.44,89713.719,1962.409
Slovenia,2021-03,4380.0,215783.0,12078.253999999999,17.7,101791.972,2066.191
Slovenia,2021-04,4594.0,240435.0,11629.161,30.32,113421.135,2167.142
Slovenia,2021-05,4712.0,253813.0,6310.845,50.35,119731.98,2222.806
Slovenia,2021-06,4761.0,257423.0,1702.9569999999999,69.7,121434.936,2245.921
Slovenia,2021-07,4771.0,259296.0,883.558,80.26,122318.492,2250.638
Slovenia,2021-08,4792.0,267282.0,3767.264,87.42,126085.753,2260.545
Slovenia,2021-09,4926.0,293479.0,12357.996000000001,98.22,138443.743,2323.757
Slovenia,2021-10,5152.0,335984.0,20051.01,104.42,158494.756,2430.369
Slovenia,2021-11,5705.0,421037.0,40122.31,119.55,198617.067,2691.237
Slovenia,2021-12,6120.0,464121.0,20324.148,130.29,218941.214,2887.006
Slovenia,2022-01,6453.0,711025.0,116472.776,137.52,335413.991,3044.093
Slovenia,2022-02,7129.0,892955.0,85822.395,139.76,421236.384,3362.985
Slovenia,2022-03,7448.0,968908.0,35829.544,140.5,457065.924,3513.468
Slovenia,2022-04,7676.0,1010195.0,19476.444,140.97,476542.367,3621.023
Slovenia,2022-05,7786.0,1025051.0,7008.067,141.21,483550.433,3672.914
Slovenia,2022-06,7822.0,1038781.0,6476.895,141.35,490027.327,3689.896
Slovenia,2022-07,7968.0,1083527.0,21108.167,141.36,511135.494,3758.769
Slovenia,2022-08,8159.0,1126812.0,20418.964,141.36,531554.459,3848.87
Slovenia,2022-09,8274.0,1183501.0,26742.075,141.36,558296.534,3903.119
Slovenia,2022-10,8473.0,1233699.0,23680.053,141.36,581976.59,3996.994
Slovenia,2022-11,8586.0,1258554.0,11724.925,141.36,593701.515,4050.3
Slovenia,2022-12,8834.0,1307924.0,23289.457,141.36,616990.975,4167.29
Spain,2020-03,8577.0,108407.0,2278.4519999999998,0.0,2279.439,180.346
Spain,2020-04,25663.0,223034.0,2410.222,0.0,4689.664,539.608
Spain,2020-05,29088.0,246174.0,486.558,0.0,5176.221,611.624
Spain,2020-06,29754.0,256658.0,220.441,0.0,5396.665,625.628
Spain,2020-07,29939.0,297476.0,858.268,0.0,6254.932,629.518
Spain,2020-08,31004.0,486409.0,3972.631,0.0,10227.565,651.911
Spain,2020-09,34136.0,791723.0,6419.74,0.0,16647.304,717.767
Spain,2020-10,39316.0,1247575.0,9585.05,0.0,26232.357,826.685
Spain,2020-11,48642.0,1681608.0,9126.272,0.0,35358.628,1022.78
Spain,2020-12,54459.0,1955216.0,5753.068,0.0,41111.696,1145.092
Spain,2021-01,65640.0,2831712.0,18429.797,3.38,59541.494,1380.191
Spain,2021-02,75134.0,3151637.0,6726.959,8.05,66268.454,1579.818
Spain,2021-03,78339.0,3307608.0,3279.554,16.9,69548.006,1647.209
Spain,2021-04,80687.0,3548525.0,5065.684,34.41,74613.689,1696.579
Spain,2021-05,82178.0,3711383.0,3424.362,57.02,78038.052,1727.93
Spain,2021-06,82823.0,3827507.0,2441.702,88.37,80479.754,1741.492
Spain,2021-07,83832.0,4503743.0,14218.995,118.14,94698.75,1762.708
Spain,2021-08,86946.0,4884499.0,8006.035,139.05,102704.783,1828.185
Spain,2021-09,88544.0,4978955.0,1986.095,147.51,104690.879,1861.786
Spain,2021-10,89140.0,5030862.0,1091.432,151.51,105782.311,1874.318
Spain,2021-11,89753.0,5174519.0,3020.63,161.23,108802.94,1887.207
Spain,2021-12,91688.0,6505901.0,27994.536,175.64,136797.48,1927.894
Spain,2022-01,97207.0,10166269.0,76965.376,189.81,213762.856,2043.94
Spain,2022-02,101947.0,11100651.0,19646.949,194.78,233409.805,2143.607
Spain,2022-03,103707.0,11589542.0,10279.752,197.66,243689.558,2180.614
Spain,2022-04,105312.0,11956517.0,7716.264,198.5,251405.823,2214.361
Spain,2022-05,107521.0,12406544.0,9462.574,199.2,260868.395,2260.809
Spain,2022-06,109570.0,12734058.0,6886.532999999999,200.08,267754.926,2303.893
Spain,2022-07,113568.0,13226599.0,10356.502,200.79,278111.427,2387.958
Spain,2022-08,115536.0,13342530.0,2437.6440000000002,201.18,280549.07,2429.338
Spain,2022-09,116232.0,13412263.0,1466.254,201.4,282015.324,2443.973
Spain,2022-10,116920.0,13511768.0,2092.259,208.06,284107.583,2458.439
Spain,2022-11,117596.0,13595504.0,1760.69,215.68,285868.273,2472.653
Spain,2022-12,118517.0,13684258.0,1866.201,219.07,287734.475,2492.019
Sweden,2020-03,284.0,4360.0,412.253,0.0,413.296,26.921
Sweden,2020-04,2797.0,20972.0,1574.694,0.0,1987.99,265.135
Sweden,2020-05,4575.0,38396.0,1651.664,0.0,3639.656,433.676
Sweden,2020-06,5455.0,67059.0,2717.036,0.0,6356.696,517.094
Sweden,2020-07,5719.0,76686.0,912.564,0.0,7269.264,542.119
Sweden,2020-08,5789.0,84238.0,715.874,0.0,7985.137,548.754
Sweden,2020-09,5840.0,93152.0,844.981,0.0,8830.118,553.589
Sweden,2020-10,5982.0,129046.0,3402.483,0.0,12232.603,567.049
Sweden,2020-11,7158.0,257558.0,12181.984,0.0,24414.587,678.525
Sweden,2020-12,9706.0,447759.0,18029.645,0.0,42444.23,920.057
Sweden,2021-01,12190.0,573754.0,11943.392,3.24,54387.621,1155.522
Sweden,2021-02,12996.0,664854.0,8635.607,8.27,63023.225,1231.924
Sweden,2021-03,13583.0,804732.0,13259.394,15.73,76282.622,1287.568
Sweden,2021-04,14165.0,973303.0,15979.277,30.25,92261.902,1342.737
Sweden,2021-05,14541.0,1070936.0,9254.883,51.38,101516.786,1378.379
Sweden,2021-06,14631.0,1089953.0,1802.671,76.81,103319.456,1386.91
Sweden,2021-07,14648.0,1100643.0,1013.333,98.52,104332.789,1388.522
Sweden,2021-08,14696.0,1126586.0,2459.205,120.12,106791.993,1393.072
Sweden,2021-09,14877.0,1152790.0,2483.946,130.4,109275.937,1410.229
Sweden,2021-10,15032.0,1173292.0,1943.439,139.06,111219.375,1424.922
Sweden,2021-11,15151.0,1204853.0,2991.748,151.17,114211.123,1436.202
Sweden,2021-12,15345.0,1326172.0,11500.142,167.0,125711.264,1454.592
Sweden,2022-01,16228.0,2159484.0,78991.791,185.05,204703.058,1538.294
Sweden,2022-02,17598.0,2447459.0,27297.892,195.04,232000.951,1668.16
Sweden,2022-03,18485.0,2488748.0,3913.892,200.39,235914.842,1752.241
Sweden,2022-04,18847.0,2502556.0,1308.897,207.05,237223.738,1786.556
Sweden,2022-05,19028.0,2509745.0,681.463,213.63,237905.202,1803.713
Sweden,2022-06,19153.0,2520104.0,981.957,215.28,238887.158,1815.562
Sweden,2022-07,19493.0,2543163.0,2185.823,216.42,241072.98,1847.792
Sweden,2022-08,19984.0,2569736.0,2518.923,217.18,243591.903,1894.335
Sweden,2022-09,20394.0,2591750.0,2086.763,227.73,245678.667,1933.2
Sweden,2022-10,20795.0,2615546.0,2255.684,236.31,247934.351,1971.212
Sweden,2022-11,21167.0,2632513.0,1608.344,239.17,249542.697,2006.475
Sweden,2022-12,22306.0,2680231.0,4523.312,241.83,254066.009,2114.443
Switzerland,2020-03,438.0,17909.0,2045.31,0.0,2048.974,50.112
Switzerland,2020-04,1590.0,29677.0,1346.382,0.0,3395.355,181.912
Switzerland,2020-05,1724.0,30833.0,132.256,0.0,3527.613,197.243
Switzerland,2020-06,1733.0,31769.0,107.086,0.0,3634.701,198.273
Switzerland,2020-07,1748.0,35279.0,401.579,0.0,4036.281,199.989
Switzerland,2020-08,1770.0,42241.0,796.524,0.0,4832.806,202.506
Switzerland,2020-09,1833.0,53503.0,1288.491,0.0,6121.295,209.714
Switzerland,2020-10,2258.0,171125.0,13457.171,0.0,19578.464,258.338
Switzerland,2020-11,4825.0,326953.0,17828.33,0.0,37406.794,552.03
Switzerland,2020-12,7528.0,451142.0,14208.504,0.07,51615.296,861.281
Switzerland,2021-01,9165.0,522321.0,8143.612,3.67,59758.908,1048.57
Switzerland,2021-02,9628.0,554627.0,3696.141,9.39,63455.047,1101.542
Switzerland,2021-03,9913.0,599187.0,5098.124,17.95,68553.171,1134.149
Switzerland,2021-04,10169.0,657777.0,6703.296,32.46,75256.471,1163.438
Switzerland,2021-05,10322.0,692034.0,3919.353,57.35,79175.825,1180.943
Switzerland,2021-06,10383.0,700110.0,923.9780000000001,86.4,80099.802,1187.922
Switzerland,2021-07,10404.0,715730.0,1787.089,103.24,81886.891,1190.325
Switzerland,2021-08,10503.0,778081.0,7133.595,110.42,89020.489,1201.651
Switzerland,2021-09,10703.0,837533.0,6801.9220000000005,119.88,95822.41,1224.534
Switzerland,2021-10,10853.0,873068.0,4065.57,127.11,99887.981,1241.695
Switzerland,2021-11,11168.0,1016577.0,16418.909,136.85,116306.89,1277.734
Switzerland,2021-12,11921.0,1334832.0,36411.652,158.42,152718.543,1363.885
Switzerland,2022-01,12394.0,2225298.0,101878.492,175.26,254597.035,1418.001
Switzerland,2022-02,12751.0,2793212.0,64975.216,178.16,319572.252,1458.846
Switzerland,2022-03,13081.0,3484001.0,79033.384,179.0,398605.636,1496.601
Switzerland,2022-04,13238.0,3614482.0,14928.372,179.5,413534.007,1514.564
Switzerland,2022-05,13290.0,3658364.0,5020.553,179.92,418554.561,1520.513
Switzerland,2022-06,13337.0,3759489.0,11569.744999999999,180.43,430124.303,1525.89
Switzerland,2022-07,13485.0,3951890.0,22012.658,181.83,452136.961,1542.823
Switzerland,2022-08,13562.0,4030156.0,8954.436,182.85,461091.399,1551.633
Switzerland,2022-09,13601.0,4097849.0,7744.777,183.3,468836.176,1556.095
Switzerland,2022-10,13708.0,4232752.0,15434.295,187.85,484270.47,1568.337
Switzerland,2022-11,13786.0,4322481.0,10265.921,191.68,494536.393,1577.261
Switzerland,2022-12,13882.0,4380463.0,6633.74,193.09,501170.131,1588.244
Ukraine,2020-03,13.0,549.0,13.827,0.0,13.828,0.327
Ukraine,2020-04,261.0,10406.0,248.277,0.0,262.104,6.574
Ukraine,2020-05,708.0,23672.0,334.14,0.0,596.246,17.833
Ukraine,2020-06,1159.0,44334.0,520.43,0.0,1116.676,29.193
Ukraine,2020-07,1693.0,69884.0,643.551,0.0,1760.225,42.643
Ukraine,2020-08,2557.0,121215.0,1292.916,0.0,3053.14,64.405
Ukraine,2020-09,4129.0,208959.0,2210.08,0.0,5263.22,104.0
Ukraine,2020-10,7196.0,387481.0,4496.579,0.0,9759.798,181.251
Ukraine,2020-11,12327.0,732625.0,8693.424,0.0,18453.22,310.49
Ukraine,2020-12,18533.0,1055047.0,8121.1050000000005,0.0,26574.324,466.806
Ukraine,2021-01,22707.0,1219455.0,4141.078,0.0,30715.401,571.94
Ukraine,2021-02,25982.0,1347849.0,3233.9610000000002,0.01,33949.365,654.43
Ukraine,2021-03,32825.0,1674168.0,8219.258,0.63,42168.626,826.79
Ukraine,2021-04,44085.0,2069537.0,9958.479,1.9,52127.106,1110.405
Ukraine,2021-05,50536.0,2202494.0,3348.897,2.93,55476.001,1272.891
Ukraine,2021-06,52340.0,2235096.0,821.174,6.74,56297.174,1318.33
Ukraine,2021-07,52945.0,2252785.0,445.547,14.09,56742.721,1333.569
Ukraine,2021-08,53789.0,2286296.0,844.07,23.27,57586.79,1354.827
Ukraine,2021-09,56274.0,2423379.0,3452.821,32.11,61039.611,1417.419
Ukraine,2021-10,67729.0,2922302.0,12566.779,44.57,73606.389,1705.945
Ukraine,2021-11,85975.0,3438381.0,12998.899,62.33,86605.289,2165.522
Ukraine,2021-12,95899.0,3667649.0,5774.755,71.68,92380.048,2415.486
Ukraine,2022-01,100203.0,4064495.0,9995.688,76.49,102375.729,2523.894
Ukraine,2022-02,105948.0,4835476.0,19419.325,79.77,121795.053,2668.598
Ukraine,2022-03,107957.0,4966800.0,3307.766,79.77,125102.817,2719.2
Ukraine,2022-04,108407.0,5002371.0,895.955,79.77,125998.772,2730.535
Ukraine,2022-05,108569.0,5013329.0,276.00800000000004,79.77,126274.78,2734.615
Ukraine,2022-06,108656.0,5018019.0,118.13,79.77,126392.911,2736.807
Ukraine,2022-07,108713.0,5023710.0,143.344,79.77,126536.255,2738.242
Ukraine,2022-08,108841.0,5056378.0,822.836,79.77,127359.09,2741.466
Ukraine,2022-09,109206.0,5177217.0,3043.669,79.77,130402.76,2750.66
Ukraine,2022-10,110008.0,5296254.0,2998.281,79.77,133401.042,2770.861
Ukraine,2022-11,110586.0,5341284.0,1134.207,79.77,134535.249,2785.419
Ukraine,2022-12,110813.0,5357941.0,419.553,79.77,134954.802,2791.137
United Kingdom,2020-03,3590.0,29372.0,434.253,0.0,435.083,53.178
United Kingdom,2020-04,37338.0,166394.0,2029.689,0.0,2464.77,553.082
United Kingdom,2020-05,52003.0,254220.0,1300.954,0.0,3765.724,770.313
United Kingdom,2020-06,55977.0,283420.0,432.536,0.0,4198.259,829.179
United Kingdom,2020-07,57229.0,304066.0,305.829,0.0,4504.085,847.725
United Kingdom,2020-08,57794.0,337739.0,498.792,0.0,5002.878,856.094
United Kingdom,2020-09,58602.0,468725.0,1940.276,0.0,6943.155,868.063
United Kingdom,2020-10,63451.0,1032175.0,8346.304,0.0,15289.457,939.89
United Kingdom,2020-11,76612.0,1651063.0,9167.497,0.0,24456.955,1134.842
United Kingdom,2020-12,93317.0,2563565.0,13516.759,0.0,37973.714,1382.291
United Kingdom,2021-01,129420.0,3880727.0,19510.928,14.5,57484.642,1917.08
United Kingdom,2021-02,147643.0,4247295.0,5429.917,31.24,62914.56,2187.014
United Kingdom,2021-03,152397.0,4418224.0,2531.948,52.82,65446.506,2257.434
United Kingdom,2021-04,153594.0,4497765.0,1178.226,73.06,66624.735,2275.165
United Kingdom,2021-05,154032.0,4574092.0,1130.621,96.6,67755.356,2281.653
United Kingdom,2021-06,154483.0,4892607.0,4718.119,115.41,72473.472,2288.334
United Kingdom,2021-07,156156.0,5974084.0,16019.762,126.11,88493.233,2313.116
United Kingdom,2021-08,159425.0,6927112.0,14117.066,134.79,102610.297,2361.539
United Kingdom,2021-09,163768.0,7961895.0,15328.089,140.18,117938.387,2425.871
United Kingdom,2021-10,168231.0,9232789.0,18825.568,153.78,136763.954,2491.981
United Kingdom,2021-11,172814.0,10419769.0,17582.56,171.83,154346.515,2559.869
United Kingdom,2021-12,176813.0,13441674.0,44763.041,197.47,199109.552,2619.105
United Kingdom,2022-01,183449.0,17428018.0,59049.134,204.63,258158.683,2717.403
United Kingdom,2022-02,187513.0,18956017.0,22634.025999999998,207.21,280792.709,2777.603
United Kingdom,2022-03,191791.0,21136075.0,32292.881,210.68,313085.589,2840.972
United Kingdom,2022-04,197048.0,22051892.0,13565.863,216.53,326651.452,2918.843
United Kingdom,2022-05,199304.0,22300921.0,3688.833,220.04,330340.283,2952.261
United Kingdom,2022-06,200708.0,22723519.0,6259.883,221.84,336600.165,2973.058
United Kingdom,2022-07,204381.0,23343022.0,9176.607,223.22,345776.772,3027.466
United Kingdom,2022-08,206769.0,23521104.0,2637.902,223.98,348414.675,3062.839
United Kingdom,2022-09,208187.0,23680801.0,2365.569,224.04,350780.243,3083.844
United Kingdom,2022-10,211234.0,23918403.0,3519.56,224.04,354299.807,3128.978
United Kingdom,2022-11,213149.0,24022327.0,1539.414,224.04,355839.218,3157.345
United Kingdom,2022-12,215846.0,24193959.0,2542.36,224.04,358381.578,3197.295
